model_id,component,n_bins,f_sat_target,alpha_s,f_sat_actual,rms_fractional_residual,mean_abs_fractional_residual,chi2_diag_jk_raw,rms_pull_jk,selected_for_paper,selection_reason,diagcov_chi2_total,diagcov_chi2_cov,diagcov_chi2_total_cov,diagcov_chi2_xi0,diagcov_chi2_xi2,diagcov_chi2_wp,diagcov_rank,fullcov_chi2_total,fullcov_chi2_cov,fullcov_chi2_total_cov,fullcov_chi2_xi0,fullcov_chi2_xi2,fullcov_chi2_wp,fullcov_rank
abacusL500_fsat0p000_alphaS0p600,all,72,0.0,0.6,0.0,1.1470864720438179,0.34383250332971854,5566.477741914237,8.792735118262119,0,,826.562862729002,1289.079056022244,1289.0790560236278,27.00947538563762,784.3829095675811,15.170477774399316,17,826.562862729002,1112.616696058762,1112.6166960601458,27.00947538563762,784.3829095675811,15.170477774399316,13
abacusL500_fsat0p000_alphaS0p600,wp,16,0.0,0.6,0.0,0.09852926709369056,0.0684065871517154,181.73380218430339,3.370217001399014,0,,826.562862729002,1289.079056022244,1289.0790560236278,27.00947538563762,784.3829095675811,15.170477774399316,17,826.562862729002,1112.616696058762,1112.6166960601458,27.00947538563762,784.3829095675811,15.170477774399316,13
abacusL500_fsat0p000_alphaS0p600,xi0,28,0.0,0.6,0.0,0.23925149608023097,0.16002581983638264,1548.2681705169305,7.436080405978414,0,,826.562862729002,1289.079056022244,1289.0790560236278,27.00947538563762,784.3829095675811,15.170477774399316,17,826.562862729002,1112.616696058762,1112.6166960601458,27.00947538563762,784.3829095675811,15.170477774399316,13
abacusL500_fsat0p000_alphaS0p600,xi2,28,0.0,0.6,0.0,1.8222831724317046,0.6850254246390562,3836.475769213002,11.705425740126124,0,,826.562862729002,1289.079056022244,1289.0790560236278,27.00947538563762,784.3829095675811,15.170477774399316,17,826.562862729002,1112.616696058762,1112.6166960601458,27.00947538563762,784.3829095675811,15.170477774399316,13
abacusL500_fsat0p000_alphaS0p800,all,72,0.0,0.8,0.0,1.1470864720438179,0.34383250332971854,5566.477741914237,8.792735118262119,0,,826.562862729002,1289.079056022244,1289.0790560236278,27.00947538563762,784.3829095675811,15.170477774399316,18,826.562862729002,1112.616696058762,1112.6166960601458,27.00947538563762,784.3829095675811,15.170477774399316,14
abacusL500_fsat0p000_alphaS0p800,wp,16,0.0,0.8,0.0,0.09852926709369056,0.0684065871517154,181.73380218430339,3.370217001399014,0,,826.562862729002,1289.079056022244,1289.0790560236278,27.00947538563762,784.3829095675811,15.170477774399316,18,826.562862729002,1112.616696058762,1112.6166960601458,27.00947538563762,784.3829095675811,15.170477774399316,14
abacusL500_fsat0p000_alphaS0p800,xi0,28,0.0,0.8,0.0,0.23925149608023097,0.16002581983638264,1548.2681705169305,7.436080405978414,0,,826.562862729002,1289.079056022244,1289.0790560236278,27.00947538563762,784.3829095675811,15.170477774399316,18,826.562862729002,1112.616696058762,1112.6166960601458,27.00947538563762,784.3829095675811,15.170477774399316,14
abacusL500_fsat0p000_alphaS0p800,xi2,28,0.0,0.8,0.0,1.8222831724317046,0.6850254246390562,3836.475769213002,11.705425740126124,0,,826.562862729002,1289.079056022244,1289.0790560236278,27.00947538563762,784.3829095675811,15.170477774399316,18,826.562862729002,1112.616696058762,1112.6166960601458,27.00947538563762,784.3829095675811,15.170477774399316,14
abacusL500_fsat0p000_alphaS1p000,all,72,0.0,1.0,0.0,1.1470864720438179,0.34383250332971854,5566.477741914237,8.792735118262119,0,,826.562862729002,1289.079056022244,1289.0790560236278,27.00947538563762,784.3829095675811,15.170477774399316,19,826.562862729002,1112.616696058762,1112.6166960601458,27.00947538563762,784.3829095675811,15.170477774399316,15
abacusL500_fsat0p000_alphaS1p000,wp,16,0.0,1.0,0.0,0.09852926709369056,0.0684065871517154,181.73380218430339,3.370217001399014,0,,826.562862729002,1289.079056022244,1289.0790560236278,27.00947538563762,784.3829095675811,15.170477774399316,19,826.562862729002,1112.616696058762,1112.6166960601458,27.00947538563762,784.3829095675811,15.170477774399316,15
abacusL500_fsat0p000_alphaS1p000,xi0,28,0.0,1.0,0.0,0.23925149608023097,0.16002581983638264,1548.2681705169305,7.436080405978414,0,,826.562862729002,1289.079056022244,1289.0790560236278,27.00947538563762,784.3829095675811,15.170477774399316,19,826.562862729002,1112.616696058762,1112.6166960601458,27.00947538563762,784.3829095675811,15.170477774399316,15
abacusL500_fsat0p000_alphaS1p000,xi2,28,0.0,1.0,0.0,1.8222831724317046,0.6850254246390562,3836.475769213002,11.705425740126124,0,,826.562862729002,1289.079056022244,1289.0790560236278,27.00947538563762,784.3829095675811,15.170477774399316,19,826.562862729002,1112.616696058762,1112.6166960601458,27.00947538563762,784.3829095675811,15.170477774399316,15
abacusL500_fsat0p000_alphaS1p200,all,72,0.0,1.2,0.0,1.1470864720438179,0.34383250332971854,5566.477741914237,8.792735118262119,0,,826.562862729002,1289.079056022244,1289.0790560236278,27.00947538563762,784.3829095675811,15.170477774399316,20,826.562862729002,1112.616696058762,1112.6166960601458,27.00947538563762,784.3829095675811,15.170477774399316,16
abacusL500_fsat0p000_alphaS1p200,wp,16,0.0,1.2,0.0,0.09852926709369056,0.0684065871517154,181.73380218430339,3.370217001399014,0,,826.562862729002,1289.079056022244,1289.0790560236278,27.00947538563762,784.3829095675811,15.170477774399316,20,826.562862729002,1112.616696058762,1112.6166960601458,27.00947538563762,784.3829095675811,15.170477774399316,16
abacusL500_fsat0p000_alphaS1p200,xi0,28,0.0,1.2,0.0,0.23925149608023097,0.16002581983638264,1548.2681705169305,7.436080405978414,0,,826.562862729002,1289.079056022244,1289.0790560236278,27.00947538563762,784.3829095675811,15.170477774399316,20,826.562862729002,1112.616696058762,1112.6166960601458,27.00947538563762,784.3829095675811,15.170477774399316,16
abacusL500_fsat0p000_alphaS1p200,xi2,28,0.0,1.2,0.0,1.8222831724317046,0.6850254246390562,3836.475769213002,11.705425740126124,0,,826.562862729002,1289.079056022244,1289.0790560236278,27.00947538563762,784.3829095675811,15.170477774399316,20,826.562862729002,1112.616696058762,1112.6166960601458,27.00947538563762,784.3829095675811,15.170477774399316,16
abacusL500_fsat0p010_alphaS0p600,all,72,0.01,0.6,0.009992625923640686,0.9055873600204993,0.2974559097178558,4250.63053872943,7.683523622670198,0,,568.6486248118599,984.3565458110261,984.35654581241,18.57758868237361,501.95572011728143,48.115316010821,11,568.6486248118599,1020.985004381158,1020.9850043825419,18.57758868237361,501.95572011728143,48.115316010821,6
abacusL500_fsat0p010_alphaS0p600,wp,16,0.01,0.6,0.009992625923640686,0.17357777537171815,0.09149802407231879,392.7391305134596,4.9544117367343645,0,,568.6486248118599,984.3565458110261,984.35654581241,18.57758868237361,501.95572011728143,48.115316010821,11,568.6486248118599,1020.985004381158,1020.9850043825419,18.57758868237361,501.95572011728143,48.115316010821,6
abacusL500_fsat0p010_alphaS0p600,xi0,28,0.01,0.6,0.009992625923640686,0.21154814835487049,0.13237276792539807,1156.517612673972,6.426834403704662,0,,568.6486248118599,984.3565458110261,984.35654581241,18.57758868237361,501.95572011728143,48.115316010821,11,568.6486248118599,1020.985004381158,1020.9850043825419,18.57758868237361,501.95572011728143,48.115316010821,6
abacusL500_fsat0p010_alphaS0p600,xi2,28,0.01,0.6,0.009992625923640686,1.4306745207070064,0.5802292718791919,2701.3737955419992,9.822302965958208,0,,568.6486248118599,984.3565458110261,984.35654581241,18.57758868237361,501.95572011728143,48.115316010821,11,568.6486248118599,1020.985004381158,1020.9850043825419,18.57758868237361,501.95572011728143,48.115316010821,6
abacusL500_fsat0p010_alphaS0p800,all,72,0.01,0.8,0.009992625923640686,0.8933405221264935,0.2913312772128319,4091.880226268342,7.53867825346609,0,,548.6344662324408,947.5933155568792,947.5933155582632,18.533312410109808,481.96820302994735,48.13295079099969,8,548.6344662324408,1021.8895646353138,1021.8895646366977,18.533312410109808,481.96820302994735,48.13295079099969,7
abacusL500_fsat0p010_alphaS0p800,wp,16,0.01,0.8,0.009992625923640686,0.17360798308931444,0.09153035463409323,393.0966608833449,4.956666349998661,0,,548.6344662324408,947.5933155568792,947.5933155582632,18.533312410109808,481.96820302994735,48.13295079099969,8,548.6344662324408,1021.8895646353138,1021.8895646366977,18.533312410109808,481.96820302994735,48.13295079099969,7
abacusL500_fsat0p010_alphaS0p800,xi0,28,0.01,0.8,0.009992625923640686,0.2105140543111888,0.1314553529420394,1173.86503096363,6.474855296131638,0,,548.6344662324408,947.5933155568792,947.5933155582632,18.533312410109808,481.96820302994735,48.13295079099969,8,548.6344662324408,1021.8895646353138,1021.8895646366977,18.533312410109808,481.96820302994735,48.13295079099969,7
abacusL500_fsat0p010_alphaS0p800,xi2,28,0.01,0.8,0.009992625923640686,1.410889238130698,0.5653791572429036,2524.9185344213683,9.496086664706693,0,,548.6344662324408,947.5933155568792,947.5933155582632,18.533312410109808,481.96820302994735,48.13295079099969,8,548.6344662324408,1021.8895646353138,1021.8895646366977,18.533312410109808,481.96820302994735,48.13295079099969,7
abacusL500_fsat0p010_alphaS1p000,all,72,0.01,1.0,0.009992625923640686,0.9041039150103134,0.29019417221302785,4113.237677223416,7.5583266053106914,0,,553.8357125876105,952.5392515675278,952.5392515689117,18.661937278681478,486.99710620741433,48.17666910013073,9,553.8357125876105,1066.557044071422,1066.5570440728059,18.661937278681478,486.99710620741433,48.17666910013073,9
abacusL500_fsat0p010_alphaS1p000,wp,16,0.01,1.0,0.009992625923640686,0.1736849731843637,0.09156180034478573,393.2627407306068,4.957713313178055,0,,553.8357125876105,952.5392515675278,952.5392515689117,18.661937278681478,486.99710620741433,48.17666910013073,9,553.8357125876105,1066.557044071422,1066.5570440728059,18.661937278681478,486.99710620741433,48.17666910013073,9
abacusL500_fsat0p010_alphaS1p000,xi0,28,0.01,1.0,0.009992625923640686,0.21002947355985116,0.13040381244647276,1217.141024773505,6.593126899532533,0,,553.8357125876105,952.5392515675278,952.5392515689117,18.661937278681478,486.99710620741433,48.17666910013073,9,553.8357125876105,1066.557044071422,1066.5570440728059,18.661937278681478,486.99710620741433,48.17666910013073,9
abacusL500_fsat0p010_alphaS1p000,xi2,28,0.01,1.0,0.009992625923640686,1.4284765844612506,0.5634887444757214,2502.833911719303,9.454465898111144,0,,553.8357125876105,952.5392515675278,952.5392515689117,18.661937278681478,486.99710620741433,48.17666910013073,9,553.8357125876105,1066.557044071422,1066.5570440728059,18.661937278681478,486.99710620741433,48.17666910013073,9
abacusL500_fsat0p010_alphaS1p200,all,72,0.01,1.2,0.009992625923640686,0.9225463778041625,0.29152751015666534,4138.187238584531,7.581215124115559,0,,567.6817395036392,958.3170447248389,958.3170447262228,18.597273012298974,500.9196312777062,48.16483521225004,10,567.6817395036392,1091.6259303035358,1091.6259303049196,18.597273012298974,500.9196312777062,48.16483521225004,11
abacusL500_fsat0p010_alphaS1p200,wp,16,0.01,1.2,0.009992625923640686,0.17366022833516873,0.09151933566272608,392.9993156402111,4.956052585224777,0,,567.6817395036392,958.3170447248389,958.3170447262228,18.597273012298974,500.9196312777062,48.16483521225004,10,567.6817395036392,1091.6259303035358,1091.6259303049196,18.597273012298974,500.9196312777062,48.16483521225004,11
abacusL500_fsat0p010_alphaS1p200,xi0,28,0.01,1.2,0.009992625923640686,0.20912252340349016,0.12916034703670448,1234.5703693610596,6.640165578187951,0,,567.6817395036392,958.3170447248389,958.3170447262228,18.597273012298974,500.9196312777062,48.16483521225004,10,567.6817395036392,1091.6259303035358,1091.6259303049196,18.597273012298974,500.9196312777062,48.16483521225004,11
abacusL500_fsat0p010_alphaS1p200,xi2,28,0.01,1.2,0.009992625923640686,1.4586145891323556,0.5681850587017344,2510.61755358326,9.469155856145445,0,,567.6817395036392,958.3170447248389,958.3170447262228,18.597273012298974,500.9196312777062,48.16483521225004,10,567.6817395036392,1091.6259303035358,1091.6259303049196,18.597273012298974,500.9196312777062,48.16483521225004,11
abacusL500_fsat0p020_alphaS0p600,all,72,0.02,0.6,0.020000300982708545,0.7130766669659423,0.27888644108591903,4068.2371802454413,7.5168673109265125,1,fullcov_top5,447.6694068108782,942.1180838463126,942.1180838476965,21.42408823403537,317.9211636764837,108.32415489897522,7,447.6694068108782,1005.9124738954335,1005.9124738968175,21.42408823403537,317.9211636764837,108.32415489897522,5
abacusL500_fsat0p020_alphaS0p600,wp,16,0.02,0.6,0.020000300982708545,0.26026902310625777,0.13148866708173088,922.0608107386669,7.591363558094598,1,fullcov_top5,447.6694068108782,942.1180838463126,942.1180838476965,21.42408823403537,317.9211636764837,108.32415489897522,7,447.6694068108782,1005.9124738954335,1005.9124738968175,21.42408823403537,317.9211636764837,108.32415489897522,5
abacusL500_fsat0p020_alphaS0p600,xi0,28,0.02,0.6,0.020000300982708545,0.23783005129615653,0.14558621982659403,1156.3195912229587,6.426284171896136,1,fullcov_top5,447.6694068108782,942.1180838463126,942.1180838476965,21.42408823403537,317.9211636764837,108.32415489897522,7,447.6694068108782,1005.9124738954335,1005.9124738968175,21.42408823403537,317.9211636764837,108.32415489897522,5
abacusL500_fsat0p020_alphaS0p600,xi2,28,0.02,0.6,0.020000300982708545,1.101019540687576,0.4964139617762087,1989.856778283816,8.430083837669486,1,fullcov_top5,447.6694068108782,942.1180838463126,942.1180838476965,21.42408823403537,317.9211636764837,108.32415489897522,7,447.6694068108782,1005.9124738954335,1005.9124738968175,21.42408823403537,317.9211636764837,108.32415489897522,5
abacusL500_fsat0p020_alphaS0p800,all,72,0.02,0.8,0.020000300982708545,0.6815918598106986,0.266180231808761,3757.4308456511753,7.224025160735045,1,diagcov_top5;fullcov_top5,408.40784446096643,870.1418800455355,870.1418800469194,21.34255198070506,278.6825537619097,108.3827387169678,3,408.40784446096643,998.4489271880972,998.4489271894811,21.34255198070506,278.6825537619097,108.3827387169678,2
abacusL500_fsat0p020_alphaS0p800,wp,16,0.02,0.8,0.020000300982708545,0.2603382975023486,0.13162528759039793,923.3783527288844,7.596785309955473,1,diagcov_top5;fullcov_top5,408.40784446096643,870.1418800455355,870.1418800469194,21.34255198070506,278.6825537619097,108.3827387169678,3,408.40784446096643,998.4489271880972,998.4489271894811,21.34255198070506,278.6825537619097,108.3827387169678,2
abacusL500_fsat0p020_alphaS0p800,xi0,28,0.02,0.8,0.020000300982708545,0.23645961608595215,0.144886860435312,1171.2409306678126,6.467614184391039,1,diagcov_top5;fullcov_top5,408.40784446096643,870.1418800455355,870.1418800469194,21.34255198070506,278.6825537619097,108.3827387169678,3,408.40784446096643,998.4489271880972,998.4489271894811,21.34255198070506,278.6825537619097,108.3827387169678,2
abacusL500_fsat0p020_alphaS0p800,xi2,28,0.02,0.8,0.020000300982708545,1.0487896543581918,0.46436214273556026,1662.811562254478,7.706239499481846,1,diagcov_top5;fullcov_top5,408.40784446096643,870.1418800455355,870.1418800469194,21.34255198070506,278.6825537619097,108.3827387169678,3,408.40784446096643,998.4489271880972,998.4489271894811,21.34255198070506,278.6825537619097,108.3827387169678,2
abacusL500_fsat0p020_alphaS1p000,all,72,0.02,1.0,0.020000300982708545,0.6976568587846359,0.2632829288377617,3730.19055333933,7.197791475842636,1,diagcov_top5,412.0011301030896,863.83360182595,863.833601827334,21.426875867165233,282.3284698585631,108.24578437597738,1,412.0011301030896,1068.1401754230826,1068.1401754244664,21.426875867165233,282.3284698585631,108.24578437597738,10
abacusL500_fsat0p020_alphaS1p000,wp,16,0.02,1.0,0.020000300982708545,0.2601727471355516,0.13147534311694042,921.1299375391943,7.58753063230717,1,diagcov_top5,412.0011301030896,863.83360182595,863.833601827334,21.426875867165233,282.3284698585631,108.24578437597738,1,412.0011301030896,1068.1401754230826,1068.1401754244664,21.426875867165233,282.3284698585631,108.24578437597738,10
abacusL500_fsat0p020_alphaS1p000,xi0,28,0.02,1.0,0.020000300982708545,0.23545407450546202,0.14415031207323367,1212.1094546979953,6.579485039277106,1,diagcov_top5,412.0011301030896,863.83360182595,863.833601827334,21.426875867165233,282.3284698585631,108.24578437597738,1,412.0011301030896,1068.1401754230826,1068.1401754244664,21.426875867165233,282.3284698585631,108.24578437597738,10
abacusL500_fsat0p020_alphaS1p000,xi2,28,0.02,1.0,0.020000300982708545,1.0758532749901761,0.4577341660141876,1596.9511611021403,7.552083820996835,1,diagcov_top5,412.0011301030896,863.83360182595,863.833601827334,21.426875867165233,282.3284698585631,108.24578437597738,1,412.0011301030896,1068.1401754230826,1068.1401754244664,21.426875867165233,282.3284698585631,108.24578437597738,10
abacusL500_fsat0p020_alphaS1p200,all,72,0.02,1.2,0.020000300982708545,0.7247141741845354,0.2647097491586558,3755.182870249195,7.221863862075352,1,diagcov_top5,427.53826012649336,869.6212962682343,869.6212962696183,21.271481772789752,298.0052639016608,108.26151445065894,2,427.53826012649336,1113.7284048807103,1113.728404882094,21.271481772789752,298.0052639016608,108.26151445065894,17
abacusL500_fsat0p020_alphaS1p200,wp,16,0.02,1.2,0.020000300982708545,0.26019120274460544,0.13151531791738696,921.6669697753812,7.589742130728904,1,diagcov_top5,427.53826012649336,869.6212962682343,869.6212962696183,21.271481772789752,298.0052639016608,108.26151445065894,2,427.53826012649336,1113.7284048807103,1113.728404882094,21.271481772789752,298.0052639016608,108.26151445065894,17
abacusL500_fsat0p020_alphaS1p200,xi0,28,0.02,1.2,0.020000300982708545,0.23413981080884164,0.14326998336495222,1229.8324623561857,6.627411858432547,1,diagcov_top5,427.53826012649336,869.6212962682343,869.6212962696183,21.271481772789752,298.0052639016608,108.26151445065894,2,427.53826012649336,1113.7284048807103,1113.728404882094,21.271481772789752,298.0052639016608,108.26151445065894,17
abacusL500_fsat0p020_alphaS1p200,xi2,28,0.02,1.2,0.020000300982708545,1.1211756209934018,0.4622606185187986,1603.683438117628,7.567985762684877,1,diagcov_top5,427.53826012649336,869.6212962682343,869.6212962696183,21.271481772789752,298.0052639016608,108.26151445065894,2,427.53826012649336,1113.7284048807103,1113.728404882094,21.271481772789752,298.0052639016608,108.26151445065894,17
abacusL500_fsat0p030_alphaS0p600,all,72,0.03,0.6,0.02999292690634923,0.5127415768003928,0.2547235267018138,4322.551570997381,7.748253899174622,1,fullcov_top5,386.2578619186479,1001.0119427572879,1001.0119427586718,25.836028831512404,163.81320168121724,196.60863140453435,12,386.2578619186479,1003.7296540519585,1003.7296540533424,25.836028831512404,163.81320168121724,196.60863140453435,3
abacusL500_fsat0p030_alphaS0p600,wp,16,0.03,0.6,0.02999292690634923,0.3505741347683753,0.1832628826971084,1742.1418317165856,10.434743144049431,1,fullcov_top5,386.2578619186479,1001.0119427572879,1001.0119427586718,25.836028831512404,163.81320168121724,196.60863140453435,12,386.2578619186479,1003.7296540519585,1003.7296540533424,25.836028831512404,163.81320168121724,196.60863140453435,3
abacusL500_fsat0p030_alphaS0p600,xi0,28,0.03,0.6,0.02999292690634923,0.2552600012167886,0.16108129338928906,1261.7045189119933,6.712739803942078,1,fullcov_top5,386.2578619186479,1001.0119427572879,1001.0119427586718,25.836028831512404,163.81320168121724,196.60863140453435,12,386.2578619186479,1003.7296540519585,1003.7296540533424,25.836028831512404,163.81320168121724,196.60863140453435,3
abacusL500_fsat0p030_alphaS0p600,xi2,28,0.03,0.6,0.02999292690634923,0.7352898426580609,0.38920041373131326,1318.7052203688013,6.862697356956044,1,fullcov_top5,386.2578619186479,1001.0119427572879,1001.0119427586718,25.836028831512404,163.81320168121724,196.60863140453435,12,386.2578619186479,1003.7296540519585,1003.7296540533424,25.836028831512404,163.81320168121724,196.60863140453435,3
abacusL500_fsat0p030_alphaS0p800,all,72,0.03,0.8,0.02999292690634923,0.46400849368178243,0.23625436483343293,3935.305447369563,7.393038624432787,1,diagcov_top5;fullcov_top5,341.2441554937999,911.3338930750564,911.3338930764403,25.899548177499376,118.57155768290015,196.77304963201647,5,341.2441554937999,985.1311811374918,985.1311811388757,25.899548177499376,118.57155768290015,196.77304963201647,1
abacusL500_fsat0p030_alphaS0p800,wp,16,0.03,0.8,0.02999292690634923,0.3507185880713906,0.18318558982969246,1743.1771413104962,10.437843231813074,1,diagcov_top5;fullcov_top5,341.2441554937999,911.3338930750564,911.3338930764403,25.899548177499376,118.57155768290015,196.77304963201647,5,341.2441554937999,985.1311811374918,985.1311811388757,25.899548177499376,118.57155768290015,196.77304963201647,1
abacusL500_fsat0p030_alphaS0p800,xi0,28,0.03,0.8,0.02999292690634923,0.2541443017790372,0.16192794306852568,1277.4032428456176,6.754372242284511,1,diagcov_top5;fullcov_top5,341.2441554937999,911.3338930750564,911.3338930764403,25.899548177499376,118.57155768290015,196.77304963201647,5,341.2441554937999,985.1311811374918,985.1311811388757,25.899548177499376,118.57155768290015,196.77304963201647,1
abacusL500_fsat0p030_alphaS0p800,xi2,28,0.03,0.8,0.02999292690634923,0.6471178392132988,0.3409058008861918,914.7250632134486,5.715658514784028,1,diagcov_top5;fullcov_top5,341.2441554937999,911.3338930750564,911.3338930764403,25.899548177499376,118.57155768290015,196.77304963201647,5,341.2441554937999,985.1311811374918,985.1311811388757,25.899548177499376,118.57155768290015,196.77304963201647,1
abacusL500_fsat0p030_alphaS1p000,all,72,0.03,1.0,0.02999292690634923,0.49381239024483825,0.23440230745231055,3916.08544150559,7.3749627508528155,1,diagcov_top5,347.72336595559113,906.8829443486629,906.8829443500468,25.910684144654514,125.31502312666166,196.49765868289109,4,347.72336595559113,1098.0216834066607,1098.0216834080445,25.910684144654514,125.31502312666166,196.49765868289109,12
abacusL500_fsat0p030_alphaS1p000,wp,16,0.03,1.0,0.02999292690634923,0.3504708498586802,0.18295628544006046,1740.1753477282355,10.428852249073946,1,diagcov_top5,347.72336595559113,906.8829443486629,906.8829443500468,25.910684144654514,125.31502312666166,196.49765868289109,4,347.72336595559113,1098.0216834066607,1098.0216834080445,25.910684144654514,125.31502312666166,196.49765868289109,12
abacusL500_fsat0p030_alphaS1p000,xi0,28,0.03,1.0,0.02999292690634923,0.2521629544290132,0.16154689908460576,1311.31104225939,6.843430223473433,1,diagcov_top5,347.72336595559113,906.8829443486629,906.8829443500468,25.910684144654514,125.31502312666166,196.49765868289109,4,347.72336595559113,1098.0216834066607,1098.0216834080445,25.910684144654514,125.31502312666166,196.49765868289109,12
abacusL500_fsat0p030_alphaS1p000,xi2,28,0.03,1.0,0.02999292690634923,0.7023318127251458,0.33665544268415826,864.5990515179643,5.556846007782923,1,diagcov_top5,347.72336595559113,906.8829443486629,906.8829443500468,25.910684144654514,125.31502312666166,196.49765868289109,4,347.72336595559113,1098.0216834066607,1098.0216834080445,25.910684144654514,125.31502312666166,196.49765868289109,12
abacusL500_fsat0p030_alphaS1p200,all,72,0.03,1.2,0.02999292690634923,0.5374304023238597,0.2393168046437682,3950.5138590186825,7.407310445899115,0,,368.03882230561214,914.8558410359055,914.8558410372895,25.547743509487077,146.04254663124658,196.44853216349458,6,368.03882230561214,1169.4110186455785,1169.4110186469622,25.547743509487077,146.04254663124658,196.44853216349458,19
abacusL500_fsat0p030_alphaS1p200,wp,16,0.03,1.2,0.02999292690634923,0.35042600713919664,0.18285960133883342,1739.1384547574148,10.425744741856018,0,,368.03882230561214,914.8558410359055,914.8558410372895,25.547743509487077,146.04254663124658,196.44853216349458,6,368.03882230561214,1169.4110186455785,1169.4110186469622,25.547743509487077,146.04254663124658,196.44853216349458,19
abacusL500_fsat0p030_alphaS1p200,xi0,28,0.03,1.2,0.02999292690634923,0.25044527554300394,0.16096718103403992,1303.3713382556102,6.822681024807755,0,,368.03882230561214,914.8558410359055,914.8558410372895,25.547743509487077,146.04254663124658,196.44853216349458,6,368.03882230561214,1169.4110186455785,1169.4110186469622,25.547743509487077,146.04254663124658,196.44853216349458,19
abacusL500_fsat0p030_alphaS1p200,xi2,28,0.03,1.2,0.02999292690634923,0.7809072081281017,0.34992768728488793,908.0040660056571,5.6946217295847825,0,,368.03882230561214,914.8558410359055,914.8558410372895,25.547743509487077,146.04254663124658,196.44853216349458,6,368.03882230561214,1169.4110186455785,1169.4110186469622,25.547743509487077,146.04254663124658,196.44853216349458,19
abacusL500_fsat0p040_alphaS0p600,all,72,0.04,0.6,0.04000060196541709,0.3812591049765683,0.23567814804060985,5085.3726462882005,8.404176083524884,0,,414.7381590302018,1177.665244403583,1177.6652444049669,31.756122991049473,75.7362281248498,307.2458079129186,16,414.7381590302018,1025.4077824950657,1025.4077824964495,31.756122991049473,75.7362281248498,307.2458079129186,8
abacusL500_fsat0p040_alphaS0p600,wp,16,0.04,0.6,0.04000060196541709,0.43821521267135954,0.23295903441640198,2714.8865860292376,13.026143390383332,0,,414.7381590302018,1177.665244403583,1177.6652444049669,31.756122991049473,75.7362281248498,307.2458079129186,16,414.7381590302018,1025.4077824950657,1025.4077824964495,31.756122991049473,75.7362281248498,307.2458079129186,8
abacusL500_fsat0p040_alphaS0p600,xi0,28,0.04,0.6,0.04000060196541709,0.2665680133777616,0.17512775921561383,1501.7078571402287,7.323416106523914,0,,414.7381590302018,1177.665244403583,1177.6652444049669,31.756122991049473,75.7362281248498,307.2458079129186,16,414.7381590302018,1025.4077824950657,1025.4077824964495,31.756122991049473,75.7362281248498,307.2458079129186,8
abacusL500_fsat0p040_alphaS0p600,xi2,28,0.04,0.6,0.04000060196541709,0.43930354971347635,0.2977823160794389,868.7782031187331,5.570259685914668,0,,414.7381590302018,1177.665244403583,1177.6652444049669,31.756122991049473,75.7362281248498,307.2458079129186,16,414.7381590302018,1025.4077824950657,1025.4077824964495,31.756122991049473,75.7362281248498,307.2458079129186,8
abacusL500_fsat0p040_alphaS0p800,all,72,0.04,0.8,0.04000060196541709,0.3314696991221805,0.2103251775473513,4704.8239372938715,8.083611625187057,1,fullcov_top5,376.39930636778706,1089.5381749522649,1089.5381749536486,31.90022774705389,37.11106969453994,307.3880089248093,15,376.39930636778706,1003.9248622938679,1003.9248622952518,31.90022774705389,37.11106969453994,307.3880089248093,4
abacusL500_fsat0p040_alphaS0p800,wp,16,0.04,0.8,0.04000060196541709,0.4383158910824399,0.23287385352939394,2716.429691196846,13.029844807203302,1,fullcov_top5,376.39930636778706,1089.5381749522649,1089.5381749536486,31.90022774705389,37.11106969453994,307.3880089248093,15,376.39930636778706,1003.9248622938679,1003.9248622952518,31.90022774705389,37.11106969453994,307.3880089248093,4
abacusL500_fsat0p040_alphaS0p800,xi0,28,0.04,0.8,0.04000060196541709,0.2645277019377847,0.17559539640164062,1511.6060563466997,7.347511863468524,1,fullcov_top5,376.39930636778706,1089.5381749522649,1089.5381749536486,31.90022774705389,37.11106969453994,307.3880089248093,15,376.39930636778706,1003.9248622938679,1003.9248622952518,31.90022774705389,37.11106969453994,307.3880089248093,4
abacusL500_fsat0p040_alphaS0p800,xi2,28,0.04,0.8,0.04000060196541709,0.32057789084751925,0.2321700009890377,476.78818975032516,4.12651785818748,1,fullcov_top5,376.39930636778706,1089.5381749522649,1089.5381749536486,31.90022774705389,37.11106969453994,307.3880089248093,15,376.39930636778706,1003.9248622938679,1003.9248622952518,31.90022774705389,37.11106969453994,307.3880089248093,4
abacusL500_fsat0p040_alphaS1p000,all,72,0.04,1.0,0.04000060196541709,0.3504025482143394,0.20754342089955657,4645.491829834214,8.032479060589484,0,,377.6234164968133,1075.7981079616072,1075.798107962991,31.608783735131503,38.79716025313347,307.2174725071644,13,377.6234164968133,1128.2200385891047,1128.2200385904885,31.608783735131503,38.79716025313347,307.2174725071644,18
abacusL500_fsat0p040_alphaS1p000,wp,16,0.04,1.0,0.04000060196541709,0.4381932496874856,0.23277027194940988,2715.167720462862,13.0268178205166,0,,377.6234164968133,1075.7981079616072,1075.798107962991,31.608783735131503,38.79716025313347,307.2174725071644,13,377.6234164968133,1128.2200385891047,1128.2200385904885,31.608783735131503,38.79716025313347,307.2174725071644,18
abacusL500_fsat0p040_alphaS1p000,xi0,28,0.04,1.0,0.04000060196541709,0.26096023569403476,0.17499018305833056,1503.1929800226808,7.327036479521485,0,,377.6234164968133,1075.7981079616072,1075.798107962991,31.608783735131503,38.79716025313347,307.2174725071644,13,377.6234164968133,1128.2200385891047,1128.2200385904885,31.608783735131503,38.79716025313347,307.2174725071644,18
abacusL500_fsat0p040_alphaS1p000,xi2,28,0.04,1.0,0.04000060196541709,0.3713527425374741,0.2256813152837236,427.13112934867104,3.9057244130921434,0,,377.6234164968133,1075.7981079616072,1075.798107962991,31.608783735131503,38.79716025313347,307.2174725071644,13,377.6234164968133,1128.2200385891047,1128.2200385904885,31.608783735131503,38.79716025313347,307.2174725071644,18
abacusL500_fsat0p040_alphaS1p200,all,72,0.04,1.2,0.04000060196541709,0.3887127640115065,0.2177046730994813,4665.968025407783,8.05016220109862,0,,391.3892849333611,1080.5399637786445,1080.5399637800283,31.032681206303923,53.19580094431934,307.16080278135394,14,391.3892849333611,1218.8510928042306,1218.8510928056144,31.032681206303923,53.19580094431934,307.16080278135394,20
abacusL500_fsat0p040_alphaS1p200,wp,16,0.04,1.2,0.04000060196541709,0.43815216776231536,0.2326730167011766,2713.7757143364915,13.02347811247175,0,,391.3892849333611,1080.5399637786445,1080.5399637800283,31.032681206303923,53.19580094431934,307.16080278135394,14,391.3892849333611,1218.8510928042306,1218.8510928056144,31.032681206303923,53.19580094431934,307.16080278135394,20
abacusL500_fsat0p040_alphaS1p200,xi0,28,0.04,1.2,0.04000060196541709,0.2584490556817447,0.17403686568856372,1460.6767929675268,7.222674596039116,0,,391.3892849333611,1080.5399637786445,1080.5399637800283,31.032681206303923,53.19580094431934,307.16080278135394,14,391.3892849333611,1218.8510928042306,1218.8510928056144,31.032681206303923,53.19580094431934,307.16080278135394,20
abacusL500_fsat0p040_alphaS1p200,xi2,28,0.04,1.2,0.04000060196541709,0.4604774452611439,0.2528191413094302,491.5155181037643,4.189764390340227,0,,391.3892849333611,1080.5399637786445,1080.5399637800283,31.032681206303923,53.19580094431934,307.16080278135394,14,391.3892849333611,1218.8510928042306,1218.8510928056144,31.032681206303923,53.19580094431934,307.16080278135394,20
