label,split,covariance_mode,f_sat_target,alpha_s,concentration_ratio,c_sat,f_sat_actual,chi2,hartlap_scale
minimal_hod_nfw_profile,wp,diagonal,0.04,1.1,1.3,6.5,0.03999988713084733,1073.636346034467,0.8210526315789474
minimal_hod_nfw_profile,wp,diagonal,0.04,1.3,1.3,6.5,0.03999988713084733,1073.6349123467248,0.8210526315789474
minimal_hod_nfw_profile,wp,diagonal,0.04,1.1,1.0,5.0,0.03999988713084733,1131.9652488125746,0.8210526315789474
minimal_hod_nfw_profile,wp,diagonal,0.04,1.3,1.0,5.0,0.03999988713084733,1131.9523958094815,0.8210526315789474
minimal_hod_nfw_profile,wp,diagonal,0.04,1.1,0.7,3.5,0.03999988713084733,1209.8882900328895,0.8210526315789474
minimal_hod_nfw_profile,wp,diagonal,0.04,1.3,0.7,3.5,0.03999988713084733,1209.8600390532426,0.8210526315789474
minimal_hod_nfw_profile,wp,diagonal,0.04,1.1,0.5,2.5,0.03999988713084733,1277.8080585767648,0.8210526315789474
minimal_hod_nfw_profile,wp,diagonal,0.04,1.3,0.5,2.5,0.03999988713084733,1277.8229006717775,0.8210526315789474
minimal_hod_nfw_profile,wp,diagonal,0.04,1.1,0.35,1.75,0.03999988713084733,1343.438573830567,0.8210526315789474
minimal_hod_nfw_profile,wp,diagonal,0.04,0.7,1.3,6.5,0.03999988713084733,1073.1476342179956,0.8210526315789474
minimal_hod_nfw_profile,wp,diagonal,0.04,1.3,0.35,1.75,0.03999988713084733,1343.5002597499533,0.8210526315789474
minimal_hod_nfw_profile,wp,diagonal,0.04,0.7,1.0,5.0,0.03999988713084733,1131.5810944179389,0.8210526315789474
minimal_hod_nfw_profile,wp,diagonal,0.04,0.7,0.7,3.5,0.03999988713084733,1209.491385731637,0.8210526315789474
minimal_hod_nfw_profile,wp,diagonal,0.04,0.7,0.5,2.5,0.03999988713084733,1277.3223023461333,0.8210526315789474
minimal_hod_nfw_profile,wp,diagonal,0.04,0.7,0.35,1.75,0.03999988713084733,1343.0282440761084,0.8210526315789474
minimal_hod_nfw_profile,wp,diagonal,0.06,1.1,1.3,6.5,0.06000006584033906,2585.263220341204,0.8210526315789474
minimal_hod_nfw_profile,wp,diagonal,0.06,1.3,1.3,6.5,0.06000006584033906,2585.500672968321,0.8210526315789474
minimal_hod_nfw_profile,wp,diagonal,0.06,0.7,1.3,6.5,0.06000006584033906,2584.453569492635,0.8210526315789474
minimal_hod_nfw_profile,wp,diagonal,0.06,1.1,1.0,5.0,0.06000006584033906,2751.336762601649,0.8210526315789474
minimal_hod_nfw_profile,wp,diagonal,0.06,1.3,1.0,5.0,0.06000006584033906,2751.43611821637,0.8210526315789474
minimal_hod_nfw_profile,wp,diagonal,0.06,0.7,1.0,5.0,0.06000006584033906,2750.6761290910326,0.8210526315789474
minimal_hod_nfw_profile,wp,diagonal,0.06,1.1,0.7,3.5,0.06000006584033906,2967.4025474729187,0.8210526315789474
minimal_hod_nfw_profile,wp,diagonal,0.06,1.3,0.7,3.5,0.06000006584033906,2967.541568006791,0.8210526315789474
minimal_hod_nfw_profile,wp,diagonal,0.06,0.7,0.7,3.5,0.06000006584033906,2966.8305591387953,0.8210526315789474
minimal_hod_nfw_profile,wp,diagonal,0.06,1.1,0.5,2.5,0.06000006584033906,3158.6731557677003,0.8210526315789474
minimal_hod_nfw_profile,wp,diagonal,0.06,1.3,0.5,2.5,0.06000006584033906,3158.9323959808876,0.8210526315789474
minimal_hod_nfw_profile,wp,diagonal,0.06,0.7,0.5,2.5,0.06000006584033906,3158.028631083731,0.8210526315789474
minimal_hod_nfw_profile,wp,diagonal,0.06,1.1,0.35,1.75,0.06000006584033906,3336.047839988775,0.8210526315789474
minimal_hod_nfw_profile,wp,diagonal,0.06,1.3,0.35,1.75,0.06000006584033906,3336.458710209451,0.8210526315789474
minimal_hod_nfw_profile,wp,diagonal,0.06,0.7,0.35,1.75,0.06000006584033906,3335.5170471141055,0.8210526315789474
minimal_hod_nfw_profile,wp,diagonal,0.08,0.7,1.3,6.5,0.08000000940576273,5150.875629076205,0.8210526315789474
minimal_hod_nfw_profile,wp,diagonal,0.08,1.3,1.3,6.5,0.08000000940576273,5152.895127778665,0.8210526315789474
minimal_hod_nfw_profile,wp,diagonal,0.08,1.1,1.3,6.5,0.08000000940576273,5152.163291936452,0.8210526315789474
minimal_hod_nfw_profile,wp,diagonal,0.08,0.7,1.0,5.0,0.08000000940576273,5514.301584206312,0.8210526315789474
minimal_hod_nfw_profile,wp,diagonal,0.08,1.3,1.0,5.0,0.08000000940576273,5516.094247284821,0.8210526315789474
minimal_hod_nfw_profile,wp,diagonal,0.08,1.1,1.0,5.0,0.08000000940576273,5515.458738027187,0.8210526315789474
minimal_hod_nfw_profile,wp,diagonal,0.08,0.7,0.7,3.5,0.08000000940576273,5992.0958406684,0.8210526315789474
minimal_hod_nfw_profile,wp,diagonal,0.08,1.3,0.7,3.5,0.08000000940576273,5993.860510742382,0.8210526315789474
minimal_hod_nfw_profile,wp,diagonal,0.08,1.1,0.7,3.5,0.08000000940576273,5993.178537727251,0.8210526315789474
minimal_hod_nfw_profile,wp,diagonal,0.08,0.7,0.5,2.5,0.08000000940576273,6407.413269572311,0.8210526315789474
minimal_hod_nfw_profile,wp,diagonal,0.08,1.3,0.5,2.5,0.08000000940576273,6409.389460554602,0.8210526315789474
minimal_hod_nfw_profile,wp,diagonal,0.08,1.1,0.5,2.5,0.08000000940576273,6408.593928338059,0.8210526315789474
minimal_hod_nfw_profile,wp,diagonal,0.08,0.7,0.35,1.75,0.08000000940576273,6791.7762008538175,0.8210526315789474
minimal_hod_nfw_profile,wp,diagonal,0.08,1.3,0.35,1.75,0.08000000940576273,6793.725001910074,0.8210526315789474
minimal_hod_nfw_profile,wp,diagonal,0.08,1.1,0.35,1.75,0.08000000940576273,6792.723979663759,0.8210526315789474
minimal_hod_nfw_profile,wp,diagonal,0.1,0.7,1.3,6.5,0.09999995297118638,9192.41110116048,0.8210526315789474
minimal_hod_nfw_profile,wp,diagonal,0.1,1.3,1.3,6.5,0.09999995297118638,9196.220072431766,0.8210526315789474
minimal_hod_nfw_profile,wp,diagonal,0.1,0.7,1.0,5.0,0.09999995297118638,9888.311085720366,0.8210526315789474
minimal_hod_nfw_profile,wp,diagonal,0.1,1.1,1.3,6.5,0.09999995297118638,9194.498347867902,0.8210526315789474
minimal_hod_nfw_profile,wp,diagonal,0.1,1.3,1.0,5.0,0.09999995297118638,9891.992060103963,0.8210526315789474
minimal_hod_nfw_profile,wp,diagonal,0.1,0.7,0.7,3.5,0.09999995297118638,10802.700143474602,0.8210526315789474
minimal_hod_nfw_profile,wp,diagonal,0.1,1.1,1.0,5.0,0.09999995297118638,9890.230053789011,0.8210526315789474
minimal_hod_nfw_profile,wp,diagonal,0.1,1.3,0.7,3.5,0.09999995297118638,10806.680584811242,0.8210526315789474
minimal_hod_nfw_profile,wp,diagonal,0.1,0.7,0.5,2.5,0.09999995297118638,11591.186811384025,0.8210526315789474
minimal_hod_nfw_profile,wp,diagonal,0.1,1.1,0.7,3.5,0.09999995297118638,10804.625172276357,0.8210526315789474
minimal_hod_nfw_profile,wp,diagonal,0.1,1.3,0.5,2.5,0.09999995297118638,11595.824544832205,0.8210526315789474
minimal_hod_nfw_profile,wp,diagonal,0.1,0.7,0.35,1.75,0.09999995297118638,12314.595106017281,0.8210526315789474
minimal_hod_nfw_profile,wp,diagonal,0.1,1.1,0.5,2.5,0.09999995297118638,11593.569948262546,0.8210526315789474
minimal_hod_nfw_profile,wp,diagonal,0.1,1.3,0.35,1.75,0.09999995297118638,12319.373591812277,0.8210526315789474
minimal_hod_nfw_profile,wp,diagonal,0.1,1.1,0.35,1.75,0.09999995297118638,12316.887495212311,0.8210526315789474
minimal_hod_nfw_profile,wp,diagonal,0.12,0.7,1.3,6.5,0.11999989653661006,15081.595810297753,0.8210526315789474
minimal_hod_nfw_profile,wp,diagonal,0.12,1.3,1.3,6.5,0.11999989653661006,15086.185641018625,0.8210526315789474
minimal_hod_nfw_profile,wp,diagonal,0.12,0.7,1.0,5.0,0.11999989653661006,16296.374912865514,0.8210526315789474
minimal_hod_nfw_profile,wp,diagonal,0.12,1.1,1.3,6.5,0.11999989653661006,15084.410337708601,0.8210526315789474
minimal_hod_nfw_profile,wp,diagonal,0.12,1.3,1.0,5.0,0.11999989653661006,16300.797019183166,0.8210526315789474
minimal_hod_nfw_profile,wp,diagonal,0.12,0.7,0.7,3.5,0.11999989653661006,17886.306435154944,0.8210526315789474
minimal_hod_nfw_profile,wp,diagonal,0.12,1.1,1.0,5.0,0.11999989653661006,16298.99227046044,0.8210526315789474
minimal_hod_nfw_profile,wp,diagonal,0.12,1.3,0.7,3.5,0.11999989653661006,17891.063158163164,0.8210526315789474
minimal_hod_nfw_profile,wp,diagonal,0.12,0.7,0.5,2.5,0.11999989653661006,19252.77980269073,0.8210526315789474
minimal_hod_nfw_profile,wp,diagonal,0.12,1.1,0.7,3.5,0.11999989653661006,17888.812690034087,0.8210526315789474
minimal_hod_nfw_profile,wp,diagonal,0.12,1.3,0.5,2.5,0.11999989653661006,19258.589889290386,0.8210526315789474
minimal_hod_nfw_profile,wp,diagonal,0.12,0.7,0.35,1.75,0.11999989653661006,20496.352504469745,0.8210526315789474
minimal_hod_nfw_profile,wp,diagonal,0.12,1.3,0.35,1.75,0.11999989653661006,20502.626080372673,0.8210526315789474
minimal_hod_nfw_profile,wp,diagonal,0.12,1.1,0.5,2.5,0.11999989653661006,19256.046857398367,0.8210526315789474
minimal_hod_nfw_profile,wp,diagonal,0.12,1.1,0.35,1.75,0.11999989653661006,20499.51492597781,0.8210526315789474
minimal_hod_nfw_profile,wp,full,0.04,1.1,1.3,6.5,0.03999988713084733,511.49265840866786,0.8210526315789474
minimal_hod_nfw_profile,wp,full,0.04,1.3,1.3,6.5,0.03999988713084733,511.53514101630685,0.8210526315789474
minimal_hod_nfw_profile,wp,full,0.04,1.1,1.0,5.0,0.03999988713084733,541.3504051708071,0.8210526315789474
minimal_hod_nfw_profile,wp,full,0.04,1.3,1.0,5.0,0.03999988713084733,541.3196107442997,0.8210526315789474
minimal_hod_nfw_profile,wp,full,0.04,1.1,0.7,3.5,0.03999988713084733,575.3112816861268,0.8210526315789474
minimal_hod_nfw_profile,wp,full,0.04,1.3,0.7,3.5,0.03999988713084733,575.236969298206,0.8210526315789474
minimal_hod_nfw_profile,wp,full,0.04,1.1,0.5,2.5,0.03999988713084733,601.3197521679366,0.8210526315789474
minimal_hod_nfw_profile,wp,full,0.04,1.3,0.5,2.5,0.03999988713084733,601.326523472053,0.8210526315789474
minimal_hod_nfw_profile,wp,full,0.04,1.1,0.35,1.75,0.03999988713084733,623.1308867795409,0.8210526315789474
minimal_hod_nfw_profile,wp,full,0.04,0.7,1.3,6.5,0.03999988713084733,510.8184876039454,0.8210526315789474
minimal_hod_nfw_profile,wp,full,0.04,1.3,0.35,1.75,0.03999988713084733,623.2466935215983,0.8210526315789474
minimal_hod_nfw_profile,wp,full,0.04,0.7,1.0,5.0,0.03999988713084733,540.808132533325,0.8210526315789474
minimal_hod_nfw_profile,wp,full,0.04,0.7,0.7,3.5,0.03999988713084733,574.734558707936,0.8210526315789474
minimal_hod_nfw_profile,wp,full,0.04,0.7,0.5,2.5,0.03999988713084733,600.5237349635265,0.8210526315789474
minimal_hod_nfw_profile,wp,full,0.04,0.7,0.35,1.75,0.03999988713084733,622.398844472243,0.8210526315789474
minimal_hod_nfw_profile,wp,full,0.06,1.1,1.3,6.5,0.06000006584033906,1246.215260469246,0.8210526315789474
minimal_hod_nfw_profile,wp,full,0.06,1.3,1.3,6.5,0.06000006584033906,1246.137543475137,0.8210526315789474
minimal_hod_nfw_profile,wp,full,0.06,0.7,1.3,6.5,0.06000006584033906,1245.425385544936,0.8210526315789474
minimal_hod_nfw_profile,wp,full,0.06,1.1,1.0,5.0,0.06000006584033906,1327.094944135477,0.8210526315789474
minimal_hod_nfw_profile,wp,full,0.06,1.3,1.0,5.0,0.06000006584033906,1326.7116434769987,0.8210526315789474
minimal_hod_nfw_profile,wp,full,0.06,0.7,1.0,5.0,0.06000006584033906,1326.6394325336908,0.8210526315789474
minimal_hod_nfw_profile,wp,full,0.06,1.1,0.7,3.5,0.06000006584033906,1414.2019025280133,0.8210526315789474
minimal_hod_nfw_profile,wp,full,0.06,1.3,0.7,3.5,0.06000006584033906,1413.772802019925,0.8210526315789474
minimal_hod_nfw_profile,wp,full,0.06,0.7,0.7,3.5,0.06000006584033906,1413.87852300168,0.8210526315789474
minimal_hod_nfw_profile,wp,full,0.06,1.1,0.5,2.5,0.06000006584033906,1484.4937418081129,0.8210526315789474
minimal_hod_nfw_profile,wp,full,0.06,1.3,0.5,2.5,0.06000006584033906,1484.2527442638248,0.8210526315789474
minimal_hod_nfw_profile,wp,full,0.06,0.7,0.5,2.5,0.06000006584033906,1483.8514040768403,0.8210526315789474
minimal_hod_nfw_profile,wp,full,0.06,1.1,0.35,1.75,0.06000006584033906,1533.5082805006866,0.8210526315789474
minimal_hod_nfw_profile,wp,full,0.06,1.3,0.35,1.75,0.06000006584033906,1533.5132923532653,0.8210526315789474
minimal_hod_nfw_profile,wp,full,0.06,0.7,0.35,1.75,0.06000006584033906,1532.8162639992277,0.8210526315789474
minimal_hod_nfw_profile,wp,full,0.08,0.7,1.3,6.5,0.08000000940576273,2578.8728788176722,0.8210526315789474
minimal_hod_nfw_profile,wp,full,0.08,1.3,1.3,6.5,0.08000000940576273,2580.2252659840597,0.8210526315789474
minimal_hod_nfw_profile,wp,full,0.08,1.1,1.3,6.5,0.08000000940576273,2580.1356330160056,0.8210526315789474
minimal_hod_nfw_profile,wp,full,0.08,0.7,1.0,5.0,0.08000000940576273,2736.078703907331,0.8210526315789474
minimal_hod_nfw_profile,wp,full,0.08,1.3,1.0,5.0,0.08000000940576273,2736.6163517811788,0.8210526315789474
minimal_hod_nfw_profile,wp,full,0.08,1.1,1.0,5.0,0.08000000940576273,2736.9118583522254,0.8210526315789474
minimal_hod_nfw_profile,wp,full,0.08,0.7,0.7,3.5,0.08000000940576273,2917.6019885252826,0.8210526315789474
minimal_hod_nfw_profile,wp,full,0.08,1.3,0.7,3.5,0.08000000940576273,2917.592553974308,0.8210526315789474
minimal_hod_nfw_profile,wp,full,0.08,1.1,0.7,3.5,0.08000000940576273,2917.826803867854,0.8210526315789474
minimal_hod_nfw_profile,wp,full,0.08,0.7,0.5,2.5,0.08000000940576273,3048.217575385416,0.8210526315789474
minimal_hod_nfw_profile,wp,full,0.08,1.3,0.5,2.5,0.08000000940576273,3048.8741695040612,0.8210526315789474
minimal_hod_nfw_profile,wp,full,0.08,1.1,0.5,2.5,0.08000000940576273,3048.883653194401,0.8210526315789474
minimal_hod_nfw_profile,wp,full,0.08,0.7,0.35,1.75,0.08000000940576273,3147.0124418887112,0.8210526315789474
minimal_hod_nfw_profile,wp,full,0.08,1.3,0.35,1.75,0.08000000940576273,3148.0657271510445,0.8210526315789474
minimal_hod_nfw_profile,wp,full,0.08,1.1,0.35,1.75,0.08000000940576273,3147.6815533767385,0.8210526315789474
minimal_hod_nfw_profile,wp,full,0.1,0.7,1.3,6.5,0.09999995297118638,4824.080481142777,0.8210526315789474
minimal_hod_nfw_profile,wp,full,0.1,1.3,1.3,6.5,0.09999995297118638,4825.842865242139,0.8210526315789474
minimal_hod_nfw_profile,wp,full,0.1,0.7,1.0,5.0,0.09999995297118638,5093.680136656239,0.8210526315789474
minimal_hod_nfw_profile,wp,full,0.1,1.1,1.3,6.5,0.09999995297118638,4826.27161668781,0.8210526315789474
minimal_hod_nfw_profile,wp,full,0.1,1.3,1.0,5.0,0.09999995297118638,5094.367994370245,0.8210526315789474
minimal_hod_nfw_profile,wp,full,0.1,0.7,0.7,3.5,0.09999995297118638,5409.903782271055,0.8210526315789474
minimal_hod_nfw_profile,wp,full,0.1,1.1,1.0,5.0,0.09999995297118638,5095.230288707746,0.8210526315789474
minimal_hod_nfw_profile,wp,full,0.1,1.3,0.7,3.5,0.09999995297118638,5409.852334036516,0.8210526315789474
minimal_hod_nfw_profile,wp,full,0.1,0.7,0.5,2.5,0.09999995297118638,5637.123517853542,0.8210526315789474
minimal_hod_nfw_profile,wp,full,0.1,1.1,0.7,3.5,0.09999995297118638,5410.25263250173,0.8210526315789474
minimal_hod_nfw_profile,wp,full,0.1,1.3,0.5,2.5,0.09999995297118638,5638.5105962198095,0.8210526315789474
minimal_hod_nfw_profile,wp,full,0.1,0.7,0.35,1.75,0.09999995297118638,5809.973427830452,0.8210526315789474
minimal_hod_nfw_profile,wp,full,0.1,1.1,0.5,2.5,0.09999995297118638,5638.478467167965,0.8210526315789474
minimal_hod_nfw_profile,wp,full,0.1,1.3,0.35,1.75,0.09999995297118638,5811.824902739019,0.8210526315789474
minimal_hod_nfw_profile,wp,full,0.1,1.1,0.35,1.75,0.09999995297118638,5811.327353437043,0.8210526315789474
minimal_hod_nfw_profile,wp,full,0.12,0.7,1.3,6.5,0.11999989653661006,8227.532936363432,0.8210526315789474
minimal_hod_nfw_profile,wp,full,0.12,1.3,1.3,6.5,0.11999989653661006,8229.122269109841,0.8210526315789474
minimal_hod_nfw_profile,wp,full,0.12,0.7,1.0,5.0,0.11999989653661006,8667.936306636368,0.8210526315789474
minimal_hod_nfw_profile,wp,full,0.12,1.1,1.3,6.5,0.11999989653661006,8230.024386466335,0.8210526315789474
minimal_hod_nfw_profile,wp,full,0.12,1.3,1.0,5.0,0.11999989653661006,8668.544830391367,0.8210526315789474
minimal_hod_nfw_profile,wp,full,0.12,0.7,0.7,3.5,0.11999989653661006,9167.054586082693,0.8210526315789474
minimal_hod_nfw_profile,wp,full,0.12,1.1,1.0,5.0,0.11999989653661006,8669.953045021723,0.8210526315789474
minimal_hod_nfw_profile,wp,full,0.12,1.3,0.7,3.5,0.11999989653661006,9167.655652216066,0.8210526315789474
minimal_hod_nfw_profile,wp,full,0.12,0.7,0.5,2.5,0.11999989653661006,9537.101138483376,0.8210526315789474
minimal_hod_nfw_profile,wp,full,0.12,1.1,0.7,3.5,0.11999989653661006,9167.670023400075,0.8210526315789474
minimal_hod_nfw_profile,wp,full,0.12,1.3,0.5,2.5,0.11999989653661006,9540.022263768598,0.8210526315789474
minimal_hod_nfw_profile,wp,full,0.12,0.7,0.35,1.75,0.11999989653661006,9816.085121879936,0.8210526315789474
minimal_hod_nfw_profile,wp,full,0.12,1.3,0.35,1.75,0.11999989653661006,9819.62454591155,0.8210526315789474
minimal_hod_nfw_profile,wp,full,0.12,1.1,0.5,2.5,0.11999989653661006,9539.273113252326,0.8210526315789474
minimal_hod_nfw_profile,wp,full,0.12,1.1,0.35,1.75,0.11999989653661006,9818.021001698859,0.8210526315789474
minimal_hod_nfw_profile,xi02,diagonal,0.04,1.1,1.3,6.5,0.03999988713084733,836.5602903457849,0.4
minimal_hod_nfw_profile,xi02,diagonal,0.04,1.3,1.3,6.5,0.03999988713084733,833.2449711872295,0.4
minimal_hod_nfw_profile,xi02,diagonal,0.04,1.1,1.0,5.0,0.03999988713084733,836.6220633483736,0.4
minimal_hod_nfw_profile,xi02,diagonal,0.04,1.3,1.0,5.0,0.03999988713084733,833.3967449671767,0.4
minimal_hod_nfw_profile,xi02,diagonal,0.04,1.1,0.7,3.5,0.03999988713084733,836.7431788758853,0.4
minimal_hod_nfw_profile,xi02,diagonal,0.04,1.3,0.7,3.5,0.03999988713084733,833.8360659232926,0.4
minimal_hod_nfw_profile,xi02,diagonal,0.04,1.1,0.5,2.5,0.03999988713084733,836.8072920201497,0.4
minimal_hod_nfw_profile,xi02,diagonal,0.04,1.3,0.5,2.5,0.03999988713084733,833.7934528627723,0.4
minimal_hod_nfw_profile,xi02,diagonal,0.04,1.1,0.35,1.75,0.03999988713084733,836.9721997307163,0.4
minimal_hod_nfw_profile,xi02,diagonal,0.04,0.7,1.3,6.5,0.03999988713084733,984.535149221183,0.4
minimal_hod_nfw_profile,xi02,diagonal,0.04,1.3,0.35,1.75,0.03999988713084733,833.8547714856132,0.4
minimal_hod_nfw_profile,xi02,diagonal,0.04,0.7,1.0,5.0,0.03999988713084733,984.2918631897202,0.4
minimal_hod_nfw_profile,xi02,diagonal,0.04,0.7,0.7,3.5,0.03999988713084733,984.2118193996121,0.4
minimal_hod_nfw_profile,xi02,diagonal,0.04,0.7,0.5,2.5,0.03999988713084733,984.2920574828078,0.4
minimal_hod_nfw_profile,xi02,diagonal,0.04,0.7,0.35,1.75,0.03999988713084733,984.4027529410694,0.4
minimal_hod_nfw_profile,xi02,diagonal,0.06,1.1,1.3,6.5,0.06000006584033906,908.2476579216175,0.4
minimal_hod_nfw_profile,xi02,diagonal,0.06,1.3,1.3,6.5,0.06000006584033906,898.9160785029103,0.4
minimal_hod_nfw_profile,xi02,diagonal,0.06,0.7,1.3,6.5,0.06000006584033906,1054.4666134234294,0.4
minimal_hod_nfw_profile,xi02,diagonal,0.06,1.1,1.0,5.0,0.06000006584033906,908.2646791130566,0.4
minimal_hod_nfw_profile,xi02,diagonal,0.06,1.3,1.0,5.0,0.06000006584033906,898.8679141417871,0.4
minimal_hod_nfw_profile,xi02,diagonal,0.06,0.7,1.0,5.0,0.06000006584033906,1054.4153866712363,0.4
minimal_hod_nfw_profile,xi02,diagonal,0.06,1.1,0.7,3.5,0.06000006584033906,908.3547270173997,0.4
minimal_hod_nfw_profile,xi02,diagonal,0.06,1.3,0.7,3.5,0.06000006584033906,899.1547720188075,0.4
minimal_hod_nfw_profile,xi02,diagonal,0.06,0.7,0.7,3.5,0.06000006584033906,1054.4685985305048,0.4
minimal_hod_nfw_profile,xi02,diagonal,0.06,1.1,0.5,2.5,0.06000006584033906,908.2283068492366,0.4
minimal_hod_nfw_profile,xi02,diagonal,0.06,1.3,0.5,2.5,0.06000006584033906,899.153858457087,0.4
minimal_hod_nfw_profile,xi02,diagonal,0.06,0.7,0.5,2.5,0.06000006584033906,1054.7204792223365,0.4
minimal_hod_nfw_profile,xi02,diagonal,0.06,1.1,0.35,1.75,0.06000006584033906,908.3883440766613,0.4
minimal_hod_nfw_profile,xi02,diagonal,0.06,1.3,0.35,1.75,0.06000006584033906,899.0074867914041,0.4
minimal_hod_nfw_profile,xi02,diagonal,0.06,0.7,0.35,1.75,0.06000006584033906,1054.9001696115731,0.4
minimal_hod_nfw_profile,xi02,diagonal,0.08,0.7,1.3,6.5,0.08000000940576273,1639.8780663129312,0.4
minimal_hod_nfw_profile,xi02,diagonal,0.08,1.3,1.3,6.5,0.08000000940576273,1518.548002929503,0.4
minimal_hod_nfw_profile,xi02,diagonal,0.08,1.1,1.3,6.5,0.08000000940576273,1551.9209612345742,0.4
minimal_hod_nfw_profile,xi02,diagonal,0.08,0.7,1.0,5.0,0.08000000940576273,1639.9477701084434,0.4
minimal_hod_nfw_profile,xi02,diagonal,0.08,1.3,1.0,5.0,0.08000000940576273,1518.4500899349084,0.4
minimal_hod_nfw_profile,xi02,diagonal,0.08,1.1,1.0,5.0,0.08000000940576273,1552.045570603995,0.4
minimal_hod_nfw_profile,xi02,diagonal,0.08,0.7,0.7,3.5,0.08000000940576273,1640.1288681117935,0.4
minimal_hod_nfw_profile,xi02,diagonal,0.08,1.3,0.7,3.5,0.08000000940576273,1518.5015248818383,0.4
minimal_hod_nfw_profile,xi02,diagonal,0.08,1.1,0.7,3.5,0.08000000940576273,1551.9658787708152,0.4
minimal_hod_nfw_profile,xi02,diagonal,0.08,0.7,0.5,2.5,0.08000000940576273,1640.599561614566,0.4
minimal_hod_nfw_profile,xi02,diagonal,0.08,1.3,0.5,2.5,0.08000000940576273,1518.5449957026224,0.4
minimal_hod_nfw_profile,xi02,diagonal,0.08,1.1,0.5,2.5,0.08000000940576273,1551.7033308126558,0.4
minimal_hod_nfw_profile,xi02,diagonal,0.08,0.7,0.35,1.75,0.08000000940576273,1640.6623568171906,0.4
minimal_hod_nfw_profile,xi02,diagonal,0.08,1.3,0.35,1.75,0.08000000940576273,1518.2052655930308,0.4
minimal_hod_nfw_profile,xi02,diagonal,0.08,1.1,0.35,1.75,0.08000000940576273,1551.5207892038345,0.4
minimal_hod_nfw_profile,xi02,diagonal,0.1,0.7,1.3,6.5,0.09999995297118638,2908.8083623752736,0.4
minimal_hod_nfw_profile,xi02,diagonal,0.1,1.3,1.3,6.5,0.09999995297118638,2856.0702369444507,0.4
minimal_hod_nfw_profile,xi02,diagonal,0.1,0.7,1.0,5.0,0.09999995297118638,2909.083258913131,0.4
minimal_hod_nfw_profile,xi02,diagonal,0.1,1.1,1.3,6.5,0.09999995297118638,2942.6257778662466,0.4
minimal_hod_nfw_profile,xi02,diagonal,0.1,1.3,1.0,5.0,0.09999995297118638,2855.7956459328907,0.4
minimal_hod_nfw_profile,xi02,diagonal,0.1,0.7,0.7,3.5,0.09999995297118638,2909.467627617038,0.4
minimal_hod_nfw_profile,xi02,diagonal,0.1,1.1,1.0,5.0,0.09999995297118638,2942.708912067497,0.4
minimal_hod_nfw_profile,xi02,diagonal,0.1,1.3,0.7,3.5,0.09999995297118638,2855.3926533922227,0.4
minimal_hod_nfw_profile,xi02,diagonal,0.1,0.7,0.5,2.5,0.09999995297118638,2910.139085755701,0.4
minimal_hod_nfw_profile,xi02,diagonal,0.1,1.1,0.7,3.5,0.09999995297118638,2942.2320442987666,0.4
minimal_hod_nfw_profile,xi02,diagonal,0.1,1.3,0.5,2.5,0.09999995297118638,2855.301747824073,0.4
minimal_hod_nfw_profile,xi02,diagonal,0.1,0.7,0.35,1.75,0.09999995297118638,2909.9229649679983,0.4
minimal_hod_nfw_profile,xi02,diagonal,0.1,1.1,0.5,2.5,0.09999995297118638,2941.934379146368,0.4
minimal_hod_nfw_profile,xi02,diagonal,0.1,1.3,0.35,1.75,0.09999995297118638,2854.7889310108203,0.4
minimal_hod_nfw_profile,xi02,diagonal,0.1,1.1,0.35,1.75,0.09999995297118638,2941.1739220455042,0.4
minimal_hod_nfw_profile,xi02,diagonal,0.12,0.7,1.3,6.5,0.11999989653661006,5028.495717849278,0.4
minimal_hod_nfw_profile,xi02,diagonal,0.12,1.3,1.3,6.5,0.11999989653661006,5080.19364609882,0.4
minimal_hod_nfw_profile,xi02,diagonal,0.12,0.7,1.0,5.0,0.11999989653661006,5029.1991728996745,0.4
minimal_hod_nfw_profile,xi02,diagonal,0.12,1.1,1.3,6.5,0.11999989653661006,5256.989555838296,0.4
minimal_hod_nfw_profile,xi02,diagonal,0.12,1.3,1.0,5.0,0.11999989653661006,5079.603449013688,0.4
minimal_hod_nfw_profile,xi02,diagonal,0.12,0.7,0.7,3.5,0.11999989653661006,5029.349568752199,0.4
minimal_hod_nfw_profile,xi02,diagonal,0.12,1.1,1.0,5.0,0.11999989653661006,5256.582765208702,0.4
minimal_hod_nfw_profile,xi02,diagonal,0.12,1.3,0.7,3.5,0.11999989653661006,5078.538894566394,0.4
minimal_hod_nfw_profile,xi02,diagonal,0.12,0.7,0.5,2.5,0.11999989653661006,5030.337010348908,0.4
minimal_hod_nfw_profile,xi02,diagonal,0.12,1.1,0.7,3.5,0.11999989653661006,5255.304562872418,0.4
minimal_hod_nfw_profile,xi02,diagonal,0.12,1.3,0.5,2.5,0.11999989653661006,5077.946264225089,0.4
minimal_hod_nfw_profile,xi02,diagonal,0.12,0.7,0.35,1.75,0.11999989653661006,5030.153361761175,0.4
minimal_hod_nfw_profile,xi02,diagonal,0.12,1.3,0.35,1.75,0.11999989653661006,5076.767651116912,0.4
minimal_hod_nfw_profile,xi02,diagonal,0.12,1.1,0.5,2.5,0.11999989653661006,5254.9292673964055,0.4
minimal_hod_nfw_profile,xi02,diagonal,0.12,1.1,0.35,1.75,0.11999989653661006,5253.809072346641,0.4
minimal_hod_nfw_profile,xi02,full,0.04,1.1,1.3,6.5,0.03999988713084733,4574.883780904938,0.4
minimal_hod_nfw_profile,xi02,full,0.04,1.3,1.3,6.5,0.03999988713084733,4474.1481593482795,0.4
minimal_hod_nfw_profile,xi02,full,0.04,1.1,1.0,5.0,0.03999988713084733,4576.899166816154,0.4
minimal_hod_nfw_profile,xi02,full,0.04,1.3,1.0,5.0,0.03999988713084733,4473.213000407303,0.4
minimal_hod_nfw_profile,xi02,full,0.04,1.1,0.7,3.5,0.03999988713084733,4578.236970589928,0.4
minimal_hod_nfw_profile,xi02,full,0.04,1.3,0.7,3.5,0.03999988713084733,4476.305941246129,0.4
minimal_hod_nfw_profile,xi02,full,0.04,1.1,0.5,2.5,0.03999988713084733,4577.53898942848,0.4
minimal_hod_nfw_profile,xi02,full,0.04,1.3,0.5,2.5,0.03999988713084733,4475.143053635694,0.4
minimal_hod_nfw_profile,xi02,full,0.04,1.1,0.35,1.75,0.03999988713084733,4577.949458850866,0.4
minimal_hod_nfw_profile,xi02,full,0.04,0.7,1.3,6.5,0.03999988713084733,5147.396233548319,0.4
minimal_hod_nfw_profile,xi02,full,0.04,1.3,0.35,1.75,0.03999988713084733,4476.064110611813,0.4
minimal_hod_nfw_profile,xi02,full,0.04,0.7,1.0,5.0,0.03999988713084733,5144.843513849615,0.4
minimal_hod_nfw_profile,xi02,full,0.04,0.7,0.7,3.5,0.03999988713084733,5143.483493050513,0.4
minimal_hod_nfw_profile,xi02,full,0.04,0.7,0.5,2.5,0.03999988713084733,5147.244237129902,0.4
minimal_hod_nfw_profile,xi02,full,0.04,0.7,0.35,1.75,0.03999988713084733,5148.503394640053,0.4
minimal_hod_nfw_profile,xi02,full,0.06,1.1,1.3,6.5,0.06000006584033906,4125.325929710184,0.4
minimal_hod_nfw_profile,xi02,full,0.06,1.3,1.3,6.5,0.06000006584033906,3960.2119918518856,0.4
minimal_hod_nfw_profile,xi02,full,0.06,0.7,1.3,6.5,0.06000006584033906,4779.934786153507,0.4
minimal_hod_nfw_profile,xi02,full,0.06,1.1,1.0,5.0,0.06000006584033906,4126.571089036791,0.4
minimal_hod_nfw_profile,xi02,full,0.06,1.3,1.0,5.0,0.06000006584033906,3958.3115096195706,0.4
minimal_hod_nfw_profile,xi02,full,0.06,0.7,1.0,5.0,0.06000006584033906,4777.25342109995,0.4
minimal_hod_nfw_profile,xi02,full,0.06,1.1,0.7,3.5,0.06000006584033906,4128.939954735381,0.4
minimal_hod_nfw_profile,xi02,full,0.06,1.3,0.7,3.5,0.06000006584033906,3961.6998112769984,0.4
minimal_hod_nfw_profile,xi02,full,0.06,0.7,0.7,3.5,0.06000006584033906,4777.434049331425,0.4
minimal_hod_nfw_profile,xi02,full,0.06,1.1,0.5,2.5,0.06000006584033906,4127.160393792741,0.4
minimal_hod_nfw_profile,xi02,full,0.06,1.3,0.5,2.5,0.06000006584033906,3962.592501715008,0.4
minimal_hod_nfw_profile,xi02,full,0.06,0.7,0.5,2.5,0.06000006584033906,4779.159783097022,0.4
minimal_hod_nfw_profile,xi02,full,0.06,1.1,0.35,1.75,0.06000006584033906,4130.019111328908,0.4
minimal_hod_nfw_profile,xi02,full,0.06,1.3,0.35,1.75,0.06000006584033906,3961.0003230348316,0.4
minimal_hod_nfw_profile,xi02,full,0.06,0.7,0.35,1.75,0.06000006584033906,4782.439422124035,0.4
minimal_hod_nfw_profile,xi02,full,0.08,0.7,1.3,6.5,0.08000000940576273,5343.791717451135,0.4
minimal_hod_nfw_profile,xi02,full,0.08,1.3,1.3,6.5,0.08000000940576273,4471.418954036378,0.4
minimal_hod_nfw_profile,xi02,full,0.08,1.1,1.3,6.5,0.08000000940576273,4758.276454046545,0.4
minimal_hod_nfw_profile,xi02,full,0.08,0.7,1.0,5.0,0.08000000940576273,5342.661533675671,0.4
minimal_hod_nfw_profile,xi02,full,0.08,1.3,1.0,5.0,0.08000000940576273,4468.879387370633,0.4
minimal_hod_nfw_profile,xi02,full,0.08,1.1,1.0,5.0,0.08000000940576273,4759.001853440725,0.4
minimal_hod_nfw_profile,xi02,full,0.08,0.7,0.7,3.5,0.08000000940576273,5342.717270133035,0.4
minimal_hod_nfw_profile,xi02,full,0.08,1.3,0.7,3.5,0.08000000940576273,4471.864433337517,0.4
minimal_hod_nfw_profile,xi02,full,0.08,1.1,0.7,3.5,0.08000000940576273,4760.309202120131,0.4
minimal_hod_nfw_profile,xi02,full,0.08,0.7,0.5,2.5,0.08000000940576273,5343.93160896953,0.4
minimal_hod_nfw_profile,xi02,full,0.08,1.3,0.5,2.5,0.08000000940576273,4474.717789966775,0.4
minimal_hod_nfw_profile,xi02,full,0.08,1.1,0.5,2.5,0.08000000940576273,4758.149633880078,0.4
minimal_hod_nfw_profile,xi02,full,0.08,0.7,0.35,1.75,0.08000000940576273,5347.212133238797,0.4
minimal_hod_nfw_profile,xi02,full,0.08,1.3,0.35,1.75,0.08000000940576273,4471.510112686131,0.4
minimal_hod_nfw_profile,xi02,full,0.08,1.1,0.35,1.75,0.08000000940576273,4759.290550409542,0.4
minimal_hod_nfw_profile,xi02,full,0.1,0.7,1.3,6.5,0.09999995297118638,7231.457964235726,0.4
minimal_hod_nfw_profile,xi02,full,0.1,1.3,1.3,6.5,0.09999995297118638,6362.797341118828,0.4
minimal_hod_nfw_profile,xi02,full,0.1,0.7,1.0,5.0,0.09999995297118638,7230.161899067288,0.4
minimal_hod_nfw_profile,xi02,full,0.1,1.1,1.3,6.5,0.09999995297118638,6871.647456326618,0.4
minimal_hod_nfw_profile,xi02,full,0.1,1.3,1.0,5.0,0.09999995297118638,6357.908224325467,0.4
minimal_hod_nfw_profile,xi02,full,0.1,0.7,0.7,3.5,0.09999995297118638,7228.275171494623,0.4
minimal_hod_nfw_profile,xi02,full,0.1,1.1,1.0,5.0,0.09999995297118638,6869.526846412868,0.4
minimal_hod_nfw_profile,xi02,full,0.1,1.3,0.7,3.5,0.09999995297118638,6357.819388622512,0.4
minimal_hod_nfw_profile,xi02,full,0.1,0.7,0.5,2.5,0.09999995297118638,7227.16760150139,0.4
minimal_hod_nfw_profile,xi02,full,0.1,1.1,0.7,3.5,0.09999995297118638,6867.351593119393,0.4
minimal_hod_nfw_profile,xi02,full,0.1,1.3,0.5,2.5,0.09999995297118638,6361.752533339597,0.4
minimal_hod_nfw_profile,xi02,full,0.1,0.7,0.35,1.75,0.09999995297118638,7229.525037026459,0.4
minimal_hod_nfw_profile,xi02,full,0.1,1.1,0.5,2.5,0.09999995297118638,6864.186866328339,0.4
minimal_hod_nfw_profile,xi02,full,0.1,1.3,0.35,1.75,0.09999995297118638,6356.4528082620045,0.4
minimal_hod_nfw_profile,xi02,full,0.1,1.1,0.35,1.75,0.09999995297118638,6862.40631817686,0.4
minimal_hod_nfw_profile,xi02,full,0.12,0.7,1.3,6.5,0.11999989653661006,10801.753945982653,0.4
minimal_hod_nfw_profile,xi02,full,0.12,1.3,1.3,6.5,0.11999989653661006,9941.60488235202,0.4
minimal_hod_nfw_profile,xi02,full,0.12,0.7,1.0,5.0,0.11999989653661006,10801.967526745173,0.4
minimal_hod_nfw_profile,xi02,full,0.12,1.1,1.3,6.5,0.11999989653661006,10782.051881543914,0.4
minimal_hod_nfw_profile,xi02,full,0.12,1.3,1.0,5.0,0.11999989653661006,9935.096091840767,0.4
minimal_hod_nfw_profile,xi02,full,0.12,0.7,0.7,3.5,0.11999989653661006,10796.453882372174,0.4
minimal_hod_nfw_profile,xi02,full,0.12,1.1,1.0,5.0,0.11999989653661006,10778.278390343232,0.4
minimal_hod_nfw_profile,xi02,full,0.12,1.3,0.7,3.5,0.11999989653661006,9933.336596998466,0.4
minimal_hod_nfw_profile,xi02,full,0.12,0.7,0.5,2.5,0.11999989653661006,10792.33537792012,0.4
minimal_hod_nfw_profile,xi02,full,0.12,1.1,0.7,3.5,0.11999989653661006,10771.80558072367,0.4
minimal_hod_nfw_profile,xi02,full,0.12,1.3,0.5,2.5,0.11999989653661006,9938.725259629815,0.4
minimal_hod_nfw_profile,xi02,full,0.12,0.7,0.35,1.75,0.11999989653661006,10793.199694770625,0.4
minimal_hod_nfw_profile,xi02,full,0.12,1.3,0.35,1.75,0.11999989653661006,9928.796246122336,0.4
minimal_hod_nfw_profile,xi02,full,0.12,1.1,0.5,2.5,0.11999989653661006,10767.889674870361,0.4
minimal_hod_nfw_profile,xi02,full,0.12,1.1,0.35,1.75,0.11999989653661006,10763.151262675918,0.4
minimal_hod_nfw_profile,joint,diagonal,0.04,1.1,1.3,6.5,0.03999988713084733,787.1448864771189,0.23157894736842105
minimal_hod_nfw_profile,joint,diagonal,0.04,1.3,1.3,6.5,0.03999988713084733,785.2250868013318,0.23157894736842105
minimal_hod_nfw_profile,joint,diagonal,0.04,1.1,1.0,5.0,0.03999988713084733,803.6323916036172,0.23157894736842105
minimal_hod_nfw_profile,joint,diagonal,0.04,1.3,1.0,5.0,0.03999988713084733,801.7614768085025,0.23157894736842105
minimal_hod_nfw_profile,joint,diagonal,0.04,1.1,0.7,3.5,0.03999988713084733,825.6808047970695,0.23157894736842105
minimal_hod_nfw_profile,joint,diagonal,0.04,1.3,0.7,3.5,0.03999988713084733,823.9897711784349,0.23157894736842105
minimal_hod_nfw_profile,joint,diagonal,0.04,1.1,0.5,2.5,0.03999988713084733,844.8747807276494,0.23157894736842105
minimal_hod_nfw_profile,joint,diagonal,0.04,1.3,0.5,2.5,0.03999988713084733,843.1341127105678,0.23157894736842105
minimal_hod_nfw_profile,joint,diagonal,0.04,1.1,0.35,1.75,0.03999988713084733,863.4814245817352,0.23157894736842105
minimal_hod_nfw_profile,joint,diagonal,0.04,0.7,1.3,6.5,0.03999988713084733,872.6766998211181,0.23157894736842105
minimal_hod_nfw_profile,joint,diagonal,0.04,1.3,0.35,1.75,0.03999988713084733,861.6939962956387,0.23157894736842105
minimal_hod_nfw_profile,joint,diagonal,0.04,0.7,1.0,5.0,0.03999988713084733,889.0170823775157,0.23157894736842105
minimal_hod_nfw_profile,joint,diagonal,0.04,0.7,0.7,3.5,0.03999988713084733,910.9454387858916,0.23157894736842105
minimal_hod_nfw_profile,joint,diagonal,0.04,0.7,0.5,2.5,0.03999988713084733,930.1236894068373,0.23157894736842105
minimal_hod_nfw_profile,joint,diagonal,0.04,0.7,0.35,1.75,0.03999988713084733,948.7202213544205,0.23157894736842105
minimal_hod_nfw_profile,joint,diagonal,0.06,1.1,1.3,6.5,0.06000006584033906,1255.0043971655675,0.23157894736842105
minimal_hod_nfw_profile,joint,diagonal,0.06,1.3,1.3,6.5,0.06000006584033906,1249.6688776357994,0.23157894736842105
minimal_hod_nfw_profile,joint,diagonal,0.06,0.7,1.3,6.5,0.06000006584033906,1339.4291136067638,0.23157894736842105
minimal_hod_nfw_profile,joint,diagonal,0.06,1.1,1.0,5.0,0.06000006584033906,1301.8555070489142,0.23157894736842105
minimal_hod_nfw_profile,joint,diagonal,0.06,1.3,1.0,5.0,0.06000006584033906,1296.4432980756383,0.23157894736842105
minimal_hod_nfw_profile,joint,diagonal,0.06,0.7,1.0,5.0,0.06000006584033906,1386.2827420539627,0.23157894736842105
minimal_hod_nfw_profile,joint,diagonal,0.06,1.1,0.7,3.5,0.06000006584033906,1362.8492716765245,0.23157894736842105
minimal_hod_nfw_profile,joint,diagonal,0.06,1.3,0.7,3.5,0.06000006584033906,1357.562192860307,0.23157894736842105
minimal_hod_nfw_profile,joint,diagonal,0.06,0.7,0.7,3.5,0.06000006584033906,1447.28018303589,0.23157894736842105
minimal_hod_nfw_profile,joint,diagonal,0.06,1.1,0.5,2.5,0.06000006584033906,1416.7242013411228,0.23157894736842105
minimal_hod_nfw_profile,joint,diagonal,0.06,1.3,0.5,2.5,0.06000006584033906,1411.5436923591035,0.23157894736842105
minimal_hod_nfw_profile,joint,diagonal,0.06,0.7,0.5,2.5,0.06000006584033906,1501.3536700173843,0.23157894736842105
minimal_hod_nfw_profile,joint,diagonal,0.06,1.1,0.35,1.75,0.06000006584033906,1466.845611560785,0.23157894736842105
minimal_hod_nfw_profile,joint,diagonal,0.06,1.3,0.35,1.75,0.06000006584033906,1461.5304753944501,0.23157894736842105
minimal_hod_nfw_profile,joint,diagonal,0.06,0.7,0.35,1.75,0.06000006584033906,1551.5185365859827,0.23157894736842105
minimal_hod_nfw_profile,joint,diagonal,0.08,0.7,1.3,6.5,0.08000000940576273,2402.214165890923,0.23157894736842105
minimal_hod_nfw_profile,joint,diagonal,0.08,1.3,1.3,6.5,0.08000000940576273,2332.5400471828584,0.23157894736842105
minimal_hod_nfw_profile,joint,diagonal,0.08,1.1,1.3,6.5,0.08000000940576273,2351.6548183324567,0.23157894736842105
minimal_hod_nfw_profile,joint,diagonal,0.08,0.7,1.0,5.0,0.08000000940576273,2504.7592772950625,0.23157894736842105
minimal_hod_nfw_profile,joint,diagonal,0.08,1.3,1.0,5.0,0.08000000940576273,2434.924138008911,0.23157894736842105
minimal_hod_nfw_profile,joint,diagonal,0.08,1.1,1.0,5.0,0.08000000940576273,2454.194906932248,0.23157894736842105
minimal_hod_nfw_profile,joint,diagonal,0.08,0.7,0.7,3.5,0.08000000940576273,2639.6266060993994,0.23157894736842105
minimal_hod_nfw_profile,joint,diagonal,0.08,1.3,0.7,3.5,0.08000000940576273,2569.708503265137,0.23157894736842105
minimal_hod_nfw_profile,joint,diagonal,0.08,1.1,0.7,3.5,0.08000000940576273,2588.8902515218288,0.23157894736842105
minimal_hod_nfw_profile,joint,diagonal,0.08,0.7,0.5,2.5,0.08000000940576273,2757.039926144753,0.23157894736842105
minimal_hod_nfw_profile,joint,diagonal,0.08,1.3,0.5,2.5,0.08000000940576273,2686.9341436063933,0.23157894736842105
minimal_hod_nfw_profile,joint,diagonal,0.08,1.1,0.5,2.5,0.08000000940576273,2705.906693577981,0.23157894736842105
minimal_hod_nfw_profile,joint,diagonal,0.08,0.7,0.35,1.75,0.08000000940576273,2865.486338803,0.23157894736842105
minimal_hod_nfw_profile,joint,diagonal,0.08,1.3,0.35,1.75,0.08000000940576273,2795.139789930655,0.23157894736842105
minimal_hod_nfw_profile,joint,diagonal,0.08,1.1,0.35,1.75,0.08000000940576273,2814.145385044764,0.23157894736842105
minimal_hod_nfw_profile,joint,diagonal,0.1,0.7,1.3,6.5,0.09999995297118638,4276.778282863069,0.23157894736842105
minimal_hod_nfw_profile,joint,diagonal,0.1,1.3,1.3,6.5,0.09999995297118638,4247.320009159795,0.23157894736842105
minimal_hod_nfw_profile,joint,diagonal,0.1,0.7,1.0,5.0,0.09999995297118638,4473.21691631483,0.23157894736842105
minimal_hod_nfw_profile,joint,diagonal,0.1,1.1,1.3,6.5,0.09999995297118638,4296.945497178154,0.23157894736842105
minimal_hod_nfw_profile,joint,diagonal,0.1,1.3,1.0,5.0,0.09999995297118638,4443.404416554572,0.23157894736842105
minimal_hod_nfw_profile,joint,diagonal,0.1,0.7,0.7,3.5,0.09999995297118638,4731.344051597709,0.23157894736842105
minimal_hod_nfw_profile,joint,diagonal,0.1,1.1,1.0,5.0,0.09999995297118638,4493.225647123966,0.23157894736842105
minimal_hod_nfw_profile,joint,diagonal,0.1,1.3,0.7,3.5,0.09999995297118638,4701.160176154944,0.23157894736842105
minimal_hod_nfw_profile,joint,diagonal,0.1,0.7,0.5,2.5,0.09999995297118638,4954.126466084286,0.23157894736842105
minimal_hod_nfw_profile,joint,diagonal,0.1,1.1,0.7,3.5,0.09999995297118638,4750.8558812549645,0.23157894736842105
minimal_hod_nfw_profile,joint,diagonal,0.1,1.3,0.5,2.5,0.09999995297118638,4923.686612262428,0.23157894736842105
minimal_hod_nfw_profile,joint,diagonal,0.1,0.7,0.35,1.75,0.09999995297118638,5158.039580470827,0.23157894736842105
minimal_hod_nfw_profile,joint,diagonal,0.1,1.1,0.5,2.5,0.09999995297118638,4973.206434332879,0.23157894736842105
minimal_hod_nfw_profile,joint,diagonal,0.1,1.3,0.35,1.75,0.09999995297118638,5127.467654645624,0.23157894736842105
minimal_hod_nfw_profile,joint,diagonal,0.1,1.1,0.35,1.75,0.09999995297118638,5176.778811142906,0.23157894736842105
minimal_hod_nfw_profile,joint,diagonal,0.12,0.7,1.3,6.5,0.11999989653661006,7165.017796639097,0.23157894736842105
minimal_hod_nfw_profile,joint,diagonal,0.12,1.3,1.3,6.5,0.11999989653661006,7196.242743791208,0.23157894736842105
minimal_hod_nfw_profile,joint,diagonal,0.12,0.7,1.0,5.0,0.11999989653661006,7508.055063377672,0.23157894736842105
minimal_hod_nfw_profile,joint,diagonal,0.12,1.1,1.3,6.5,0.11999989653661006,7298.097543907861,0.23157894736842105
minimal_hod_nfw_profile,joint,diagonal,0.12,1.3,1.0,5.0,0.11999989653661006,7538.4837471473065,0.23157894736842105
minimal_hod_nfw_profile,joint,diagonal,0.12,0.7,0.7,3.5,0.11999989653661006,7956.58435889619,0.23157894736842105
minimal_hod_nfw_profile,joint,diagonal,0.12,1.1,1.0,5.0,0.11999989653661006,7640.436424832342,0.23157894736842105
minimal_hod_nfw_profile,joint,diagonal,0.12,1.3,0.7,3.5,0.11999989653661006,7986.404029453554,0.23157894736842105
minimal_hod_nfw_profile,joint,diagonal,0.12,0.7,0.5,2.5,0.11999989653661006,8342.571600812473,0.23157894736842105
minimal_hod_nfw_profile,joint,diagonal,0.12,1.1,0.7,3.5,0.11999989653661006,8088.107300525493,0.23157894736842105
minimal_hod_nfw_profile,joint,diagonal,0.12,1.3,0.5,2.5,0.11999989653661006,8371.773595430843,0.23157894736842105
minimal_hod_nfw_profile,joint,diagonal,0.12,0.7,0.35,1.75,0.11999989653661006,8693.216552806643,0.23157894736842105
minimal_hod_nfw_profile,joint,diagonal,0.12,1.3,0.35,1.75,0.11999989653661006,8721.973243086428,0.23157894736842105
minimal_hod_nfw_profile,joint,diagonal,0.12,1.1,0.5,2.5,0.11999989653661006,8473.520173966686,0.23157894736842105
minimal_hod_nfw_profile,joint,diagonal,0.12,1.1,0.35,1.75,0.11999989653661006,8823.593402923172,0.23157894736842105
minimal_hod_nfw_profile,joint,full,0.04,1.1,1.3,6.5,0.03999988713084733,985.8025027343975,0.23157894736842105
minimal_hod_nfw_profile,joint,full,0.04,1.3,1.3,6.5,0.03999988713084733,1045.3401296432444,0.23157894736842105
minimal_hod_nfw_profile,joint,full,0.04,1.1,1.0,5.0,0.03999988713084733,1009.3172988967182,0.23157894736842105
minimal_hod_nfw_profile,joint,full,0.04,1.3,1.0,5.0,0.03999988713084733,1069.4000555043328,0.23157894736842105
minimal_hod_nfw_profile,joint,full,0.04,1.1,0.7,3.5,0.03999988713084733,1037.6730531145565,0.23157894736842105
minimal_hod_nfw_profile,joint,full,0.04,1.3,0.7,3.5,0.03999988713084733,1098.8498566626681,0.23157894736842105
minimal_hod_nfw_profile,joint,full,0.04,1.1,0.5,2.5,0.03999988713084733,1059.7911679496824,0.23157894736842105
minimal_hod_nfw_profile,joint,full,0.04,1.3,0.5,2.5,0.03999988713084733,1121.29567971169,0.23157894736842105
minimal_hod_nfw_profile,joint,full,0.04,1.1,0.35,1.75,0.03999988713084733,1078.6245526531432,0.23157894736842105
minimal_hod_nfw_profile,joint,full,0.04,0.7,1.3,6.5,0.03999988713084733,921.871787504178,0.23157894736842105
minimal_hod_nfw_profile,joint,full,0.04,1.3,0.35,1.75,0.03999988713084733,1140.3689810809217,0.23157894736842105
minimal_hod_nfw_profile,joint,full,0.04,0.7,1.0,5.0,0.03999988713084733,944.7319460491101,0.23157894736842105
minimal_hod_nfw_profile,joint,full,0.04,0.7,0.7,3.5,0.03999988713084733,972.6981037500244,0.23157894736842105
minimal_hod_nfw_profile,joint,full,0.04,0.7,0.5,2.5,0.03999988713084733,994.7352409647714,0.23157894736842105
minimal_hod_nfw_profile,joint,full,0.04,0.7,0.35,1.75,0.03999988713084733,1013.9272838778202,0.23157894736842105
minimal_hod_nfw_profile,joint,full,0.06,1.1,1.3,6.5,0.06000006584033906,1130.3227088274139,0.23157894736842105
minimal_hod_nfw_profile,joint,full,0.06,1.3,1.3,6.5,0.06000006584033906,1225.6350179701524,0.23157894736842105
minimal_hod_nfw_profile,joint,full,0.06,0.7,1.3,6.5,0.06000006584033906,1011.8778915171615,0.23157894736842105
minimal_hod_nfw_profile,joint,full,0.06,1.1,1.0,5.0,0.06000006584033906,1177.3107513121372,0.23157894736842105
minimal_hod_nfw_profile,joint,full,0.06,1.3,1.0,5.0,0.06000006584033906,1273.9515488343557,0.23157894736842105
minimal_hod_nfw_profile,joint,full,0.06,0.7,1.0,5.0,0.06000006584033906,1057.7001259649812,0.23157894736842105
minimal_hod_nfw_profile,joint,full,0.06,1.1,0.7,3.5,0.06000006584033906,1229.3513033756972,0.23157894736842105
minimal_hod_nfw_profile,joint,full,0.06,1.3,0.7,3.5,0.06000006584033906,1328.3544894287386,0.23157894736842105
minimal_hod_nfw_profile,joint,full,0.06,0.7,0.7,3.5,0.06000006584033906,1109.4958252989948,0.23157894736842105
minimal_hod_nfw_profile,joint,full,0.06,1.1,0.5,2.5,0.06000006584033906,1271.570629970617,0.23157894736842105
minimal_hod_nfw_profile,joint,full,0.06,1.3,0.5,2.5,0.06000006584033906,1372.0586155773224,0.23157894736842105
minimal_hod_nfw_profile,joint,full,0.06,0.7,0.5,2.5,0.06000006584033906,1151.7782922346598,0.23157894736842105
minimal_hod_nfw_profile,joint,full,0.06,1.1,0.35,1.75,0.06000006584033906,1302.085656300129,0.23157894736842105
minimal_hod_nfw_profile,joint,full,0.06,1.3,0.35,1.75,0.06000006584033906,1402.863443002769,0.23157894736842105
minimal_hod_nfw_profile,joint,full,0.06,0.7,0.35,1.75,0.06000006584033906,1183.2512144974987,0.23157894736842105
minimal_hod_nfw_profile,joint,full,0.08,0.7,1.3,6.5,0.08000000940576273,1314.3000211836097,0.23157894736842105
minimal_hod_nfw_profile,joint,full,0.08,1.3,1.3,6.5,0.08000000940576273,1632.2957145631233,0.23157894736842105
minimal_hod_nfw_profile,joint,full,0.08,1.1,1.3,6.5,0.08000000940576273,1499.485164393336,0.23157894736842105
minimal_hod_nfw_profile,joint,full,0.08,0.7,1.0,5.0,0.08000000940576273,1387.3505040889456,0.23157894736842105
minimal_hod_nfw_profile,joint,full,0.08,1.3,1.0,5.0,0.08000000940576273,1709.991538500442,0.23157894736842105
minimal_hod_nfw_profile,joint,full,0.08,1.1,1.0,5.0,0.08000000940576273,1574.1058000410248,0.23157894736842105
minimal_hod_nfw_profile,joint,full,0.08,0.7,0.7,3.5,0.08000000940576273,1473.4612824015724,0.23157894736842105
minimal_hod_nfw_profile,joint,full,0.08,1.3,0.7,3.5,0.08000000940576273,1801.228678182904,0.23157894736842105
minimal_hod_nfw_profile,joint,full,0.08,1.1,0.7,3.5,0.08000000940576273,1660.5322212021183,0.23157894736842105
minimal_hod_nfw_profile,joint,full,0.08,0.7,0.5,2.5,0.08000000940576273,1537.2566823250213,0.23157894736842105
minimal_hod_nfw_profile,joint,full,0.08,1.3,0.5,2.5,0.08000000940576273,1867.1301298289009,0.23157894736842105
minimal_hod_nfw_profile,joint,full,0.08,1.1,0.5,2.5,0.08000000940576273,1723.3104335529843,0.23157894736842105
minimal_hod_nfw_profile,joint,full,0.08,0.7,0.35,1.75,0.08000000940576273,1585.9008949234747,0.23157894736842105
minimal_hod_nfw_profile,joint,full,0.08,1.3,0.35,1.75,0.08000000940576273,1914.3296366428074,0.23157894736842105
minimal_hod_nfw_profile,joint,full,0.08,1.1,0.35,1.75,0.08000000940576273,1769.3460793402396,0.23157894736842105
minimal_hod_nfw_profile,joint,full,0.1,0.7,1.3,6.5,0.09999995297118638,1937.226679732762,0.23157894736842105
minimal_hod_nfw_profile,joint,full,0.1,1.3,1.3,6.5,0.09999995297118638,2376.4527616990927,0.23157894736842105
minimal_hod_nfw_profile,joint,full,0.1,0.7,1.0,5.0,0.09999995297118638,2044.937526044309,0.23157894736842105
minimal_hod_nfw_profile,joint,full,0.1,1.1,1.3,6.5,0.09999995297118638,2201.620332932626,0.23157894736842105
minimal_hod_nfw_profile,joint,full,0.1,1.3,1.0,5.0,0.09999995297118638,2492.48791899397,0.23157894736842105
minimal_hod_nfw_profile,joint,full,0.1,0.7,0.7,3.5,0.09999995297118638,2172.3712476733726,0.23157894736842105
minimal_hod_nfw_profile,joint,full,0.1,1.1,1.0,5.0,0.09999995297118638,2311.5700787373403,0.23157894736842105
minimal_hod_nfw_profile,joint,full,0.1,1.3,0.7,3.5,0.09999995297118638,2628.1826336419604,0.23157894736842105
minimal_hod_nfw_profile,joint,full,0.1,0.7,0.5,2.5,0.09999995297118638,2265.211443964935,0.23157894736842105
minimal_hod_nfw_profile,joint,full,0.1,1.1,0.7,3.5,0.09999995297118638,2439.0986396994795,0.23157894736842105
minimal_hod_nfw_profile,joint,full,0.1,1.3,0.5,2.5,0.09999995297118638,2723.5401263896565,0.23157894736842105
minimal_hod_nfw_profile,joint,full,0.1,0.7,0.35,1.75,0.09999995297118638,2335.0903375777125,0.23157894736842105
minimal_hod_nfw_profile,joint,full,0.1,1.1,0.5,2.5,0.09999995297118638,2528.909586742371,0.23157894736842105
minimal_hod_nfw_profile,joint,full,0.1,1.3,0.35,1.75,0.09999995297118638,2790.771701367617,0.23157894736842105
minimal_hod_nfw_profile,joint,full,0.1,1.1,0.35,1.75,0.09999995297118638,2592.9880163561256,0.23157894736842105
minimal_hod_nfw_profile,joint,full,0.12,0.7,1.3,6.5,0.11999989653661006,2957.874480100459,0.23157894736842105
minimal_hod_nfw_profile,joint,full,0.12,1.3,1.3,6.5,0.11999989653661006,3529.958579757423,0.23157894736842105
minimal_hod_nfw_profile,joint,full,0.12,0.7,1.0,5.0,0.11999989653661006,3112.5597516059315,0.23157894736842105
minimal_hod_nfw_profile,joint,full,0.12,1.1,1.3,6.5,0.11999989653661006,3315.7703383631642,0.23157894736842105
minimal_hod_nfw_profile,joint,full,0.12,1.3,1.0,5.0,0.11999989653661006,3699.383841993182,0.23157894736842105
minimal_hod_nfw_profile,joint,full,0.12,0.7,0.7,3.5,0.11999989653661006,3289.5291189125887,0.23157894736842105
minimal_hod_nfw_profile,joint,full,0.12,1.1,1.0,5.0,0.11999989653661006,3474.722744502598,0.23157894736842105
minimal_hod_nfw_profile,joint,full,0.12,1.3,0.7,3.5,0.11999989653661006,3890.0321958810346,0.23157894736842105
minimal_hod_nfw_profile,joint,full,0.12,0.7,0.5,2.5,0.11999989653661006,3420.6595375925167,0.23157894736842105
minimal_hod_nfw_profile,joint,full,0.12,1.1,0.7,3.5,0.11999989653661006,3652.0776694390975,0.23157894736842105
minimal_hod_nfw_profile,joint,full,0.12,1.3,0.5,2.5,0.11999989653661006,4026.1144340983974,0.23157894736842105
minimal_hod_nfw_profile,joint,full,0.12,0.7,0.35,1.75,0.11999989653661006,3515.1762540225664,0.23157894736842105
minimal_hod_nfw_profile,joint,full,0.12,1.3,0.35,1.75,0.11999989653661006,4115.453641070916,0.23157894736842105
minimal_hod_nfw_profile,joint,full,0.12,1.1,0.5,2.5,0.11999989653661006,3778.740627235692,0.23157894736842105
minimal_hod_nfw_profile,joint,full,0.12,1.1,0.35,1.75,0.11999989653661006,3862.9116354873277,0.23157894736842105
